Raag Name,URL,Time,Aaroh,Avroh,S,r,R,g,G,m,M,P,d,D,n,N,Source_File,Swar,Jati,Thaat,Vadi - Samvadi,Vishranti Sthan,Mukhya Ang,Magnitude,Final_X,Final_Y,Final_Z
Abheri,https://raagtime.com/ragas/abheri,09-12,S - g - m - P - n - S',S' - n - d - P - m - g - R - S,True,False,True,True,False,True,False,True,True,False,True,False,MASTER_COMBINED_RAW.csv,,,,,,,7,0.0,4.0,3.0
Abhogi,https://raagtime.com/ragas/abhogi,21-24,S - R - g - m - D - S',S' - D - m - g - D - g - m - R - S,True,False,True,True,False,True,False,False,False,True,False,False,MASTER_COMBINED_RAW.csv,,,,,,,5,0.0,4.0,1.0
Adana,https://raagtime.com/ragas/adana,24-03,S - R - m - P - d - n - S',"S' - d~ - n - P, m - P - g~ - m - R - S",True,False,True,True,False,True,False,True,True,False,True,False,MASTER_COMBINED_RAW.csv,,,,,,,7,0.0,4.0,3.0
Ahiri,https://raagtime.com/ragas/ahiri,06-09,S - r - g - m - P - D - n - S',S' - n - D - P - m - g - r - S,True,True,False,True,False,True,False,True,False,True,True,False,MASTER_COMBINED_RAW.csv,,,,,,,7,0.0,4.0,3.0
Amrit Varshini,https://raagtime.com/ragas/amrit-varshini,18-21,S - G - M - P - N - S',S' - N - P - M - G - S,True,False,False,False,True,False,True,True,False,False,False,True,MASTER_COMBINED_RAW.csv,,,,,,,5,1.0,4.0,0.0
Anand Leela,https://raagtime.com/ragas/anand-leela,06-09,S - R - G - m - P - N - S',S' - N - d - P - m - G - R - S,True,False,True,False,True,True,False,True,True,False,False,True,MASTER_COMBINED_RAW.csv,,,,,,,7,0.0,6.0,1.0
Araj,https://raagtime.com/ragas/araj,06-09,"S - r - G, m - P - m - P, D - n - S'","S - r' - S - N, D - P - m - G, r - S",True,True,False,False,True,True,False,True,False,True,True,True,MASTER_COMBINED_RAW.csv,,,,,,,8,0.0,6.0,2.0
Asa,https://raagtime.com/ragas/asa,21-24,S - R - m - P - D - S',S' - N - D - P - m - G - R - S,True,False,True,False,True,True,False,True,False,True,False,True,MASTER_COMBINED_RAW.csv,,,,,,,7,0.0,7.0,0.0
Asavari,https://raagtime.com/ragas/asavari,09-12,S - R - m - P - d - S',S' - n - d - P - m - g - R - S,True,False,True,True,False,True,False,True,True,False,True,False,MASTER_COMBINED_RAW.csv,,,,,,,7,0.0,4.0,3.0
"Asavari, Jogi",https://raagtime.com/ragas/asavari-jogi,09-12,S - r - m - P - d - S',"S' - R - n - d - P, d - P - m - G - (m)r - S",True,True,True,False,True,True,False,True,True,False,True,False,MASTER_COMBINED_RAW.csv,,,,,,,8,0.0,5.0,3.0
"Asavari, Komal Rishabh",https://raagtime.com/ragas/asavari-komal-rishabh,09-12,S - r - m - P - d - S',S' - n - d - P - m - g - r - S,True,True,False,True,False,True,False,True,True,False,True,False,MASTER_COMBINED_RAW.csv,,,,,,,7,0.0,3.0,4.0
"Asavari, Sindhura",https://raagtime.com/ragas/asavari-sindhura,09-12,S - R - m - P - D - S',"S' - n - D - P, d - m - P - (m)g, R - m - m - g, S - R - S",True,False,True,True,False,True,False,True,True,True,True,False,MASTER_COMBINED_RAW.csv,,,,,,,8,0.0,5.0,3.0
Bageshree,https://raagtime.com/ragas/bageshree,24-03,S - g - m - D - n - S',"S' - n - D - m - P - D - g, m - g - R - S",True,False,True,True,False,True,False,True,False,True,True,False,MASTER_COMBINED_RAW.csv,,,,,,,7,0.0,5.0,2.0
"Bageshree, Audav",https://raagtime.com/ragas/bageshree-audav,21-24,S - g - m - D - n - S',S' - n - D - m - g - S,True,False,False,True,False,True,False,False,False,True,True,False,MASTER_COMBINED_RAW.csv,,,,,,,5,0.0,3.0,2.0
Bahar,https://raagtime.com/ragas/bahar,24-03,"'n - S - m, - P - g - m - n - D - N - S'","S' - n - P, - m - P - g - m - R - S",True,False,True,True,False,True,False,True,False,True,True,True,MASTER_COMBINED_RAW.csv,,,,,,,8,0.0,6.0,2.0
"Bahar, Bageshree",https://raagtime.com/ragas/bahar-bageshree,21-24,S - g - m - D - n - D - S',"S - n - D - m, P - (P)g, m - g - R - S",True,False,True,True,False,True,False,True,False,True,True,False,MASTER_COMBINED_RAW.csv,,,,,,,7,0.0,5.0,2.0
"Bahar, Basant",https://raagtime.com/ragas/bahar-basant,24-03,"S - G, M - G, M - n - D - S'","D - n - S' - n - P, M - G, M - G, M - G - r - S",True,True,False,False,True,False,True,True,False,True,True,False,MASTER_COMBINED_RAW.csv,,,,,,,7,1.0,4.0,2.0
"Bahar, Bhairav",https://raagtime.com/ragas/bahar-bhairav,06-09,"S - r - G - m - P - m, m - D - n - S' - N - r' - S'","S' - n - D - P - m - G - R, g - r - S - 'N - r - S, 'N - D - S",True,True,True,True,True,True,False,True,False,True,True,True,MASTER_COMBINED_RAW.csv,,,,,,,10,0.0,7.0,3.0
"Bahar, Hindol",https://raagtime.com/ragas/bahar-hindol,03-06,"S - G - M - G, m - P - G - m, n - D - S'","S - n - P - m - P - G - m, S - D - M - G, M - G - S",True,False,False,False,True,True,True,True,False,True,True,False,MASTER_COMBINED_RAW.csv,,,,,,,7,1.0,5.0,1.0
"Bahar, Kanada",https://raagtime.com/ragas/bahar-kanada,21-24,"S - m, m - P - (m)g - m, n - d - N - S'",R' - N - S' - (S)D - n - P - m - P - g - m - R - S,True,False,True,True,False,True,False,True,True,True,True,True,MASTER_COMBINED_RAW.csv,,,,,,,9,0.0,6.0,3.0
"Bahar, Kedar",https://raagtime.com/ragas/bahar-kedar,18-21,S - R - S - m - P - g - m - P - S',S' - R' - S - N - D - P - m - P - m - g - m - g - m - P - g - m - R - S - R - S,True,False,True,True,False,True,False,True,False,True,False,True,MASTER_COMBINED_RAW.csv,,,,,,,7,0.0,6.0,1.0
"Bahar, Paraj",https://raagtime.com/ragas/bahar-paraj,03-06,"'N - S, - G - M - P - d, P, n - D - N - S'","S' - r' - g' - r', S - N - d - P, m - G, M - G - r - S",True,True,False,True,True,True,True,True,True,True,True,True,MASTER_COMBINED_RAW.csv,,,,,,,11,1.0,6.0,4.0
"Bahar, Rageshree",https://raagtime.com/ragas/bahar-rageshree,21-24,"S - G - m - D - G - m, m - D - N - S'","S' - D - n - P, m - P - (m)g - m, (D)G - m, (G) - R - S",True,False,True,True,True,True,False,True,False,True,True,True,MASTER_COMBINED_RAW.csv,,,,,,,9,0.0,7.0,2.0
"Bahar, Sindhu",https://raagtime.com/ragas/bahar-sindhu,18-21,"S - m, m - P - (m)g - m, m - P - D - S'","R' - N - S' - n - D, P, m - P - n - P - (m)g - m, R - S - R - S",True,False,True,True,False,True,False,True,False,True,True,True,MASTER_COMBINED_RAW.csv,,,,,,,8,0.0,6.0,2.0
Barwa,https://raagtime.com/ragas/barwa,09-12,S - R - m - P - N - S',S' - n - D - P - D - m - G - R - g - S,True,False,True,True,True,True,False,True,False,True,True,True,MASTER_COMBINED_RAW.csv,,,,,,,9,0.0,7.0,2.0
Basant,https://raagtime.com/ragas/basant,03-06,S - G - M - d - N - S',"S' - N - d - P - M - G, M - G - r - S",True,True,False,False,True,False,True,True,True,False,False,True,MASTER_COMBINED_RAW.csv,,,,,,,7,1.0,4.0,2.0
"Basant, Gambhir",https://raagtime.com/ragas/basant-gambhir,06-09,"S - m - g - M - r - g - m - P, n - D - n - P - S'",S' - d - P - m - R - S,True,True,True,True,False,True,True,True,True,True,True,False,MASTER_COMBINED_RAW.csv,,,,,,,10,1.0,5.0,4.0
"Basant, Kanak",https://raagtime.com/ragas/basant-kanak,24-03,S - R - m - P - n - S',S' - n - P - m - g - R - m - g - S,True,False,True,True,False,True,False,True,False,False,True,False,MASTER_COMBINED_RAW.csv,,,,,,,6,0.0,4.0,2.0
Basant Mukhari,https://raagtime.com/ragas/basant-mukhari,06-09,S - r - G - m - P - d - n - S',S' - n - d - P - m - G - r - S,True,True,False,False,True,True,False,True,True,False,True,False,MASTER_COMBINED_RAW.csv,,,,,,,7,0.0,4.0,3.0
Basant Pancham,https://raagtime.com/ragas/basant-pancham,24-03,S - G - M - d - N - S',"S' - N - d - P, M - m - G, M - G - r - S",True,True,False,False,True,True,True,True,True,False,False,True,MASTER_COMBINED_RAW.csv,,,,,,,8,1.0,5.0,2.0
Bengali,https://raagtime.com/ragas/bengali,Monsoon,S - R - m - P - D - S',R' - N - P - D - m - P - G - S,True,False,True,False,True,True,False,True,False,True,False,True,MASTER_COMBINED_RAW.csv,,,,,,,7,0.0,7.0,0.0
Bhairav,https://raagtime.com/ragas/bhairav,06-09,S - r - G - m - P - d - N - S',S' - N - d - P - m - G - r - S,True,True,False,False,True,True,False,True,True,False,False,True,MASTER_COMBINED_RAW.csv,,,,,,,7,0.0,5.0,2.0
"Bhairav, Ahir",https://raagtime.com/ragas/bhairav-ahir,06-09,S - r - G - m - P - D - n - S',S' - n - D - P - m - G - r - S,True,True,False,False,True,True,False,True,False,True,True,False,MASTER_COMBINED_RAW.csv,,,,,,,7,0.0,5.0,2.0
"Bhairav, Anand",https://raagtime.com/ragas/bhairav-anand,06-09,"S - r - G - m - P - m, P - S'",S' - D - n - P - m - G - m - r - S,True,True,False,False,True,True,False,True,False,True,True,False,MASTER_COMBINED_RAW.csv,,,,,,,7,0.0,5.0,2.0
"Bhairav, Bairagi",https://raagtime.com/ragas/bhairav-bairagi,06-09,S - r - m - P - n - S,S - n - P - m - r - S,True,True,False,False,False,True,False,True,False,False,True,False,MASTER_COMBINED_RAW.csv,,,,,,,5,0.0,3.0,2.0
"Bhairav, Bangal",https://raagtime.com/ragas/bhairav-bangal,06-09,"S - r, G - m - P - d, S'","S' - d - P - m - P - G - m, r - S",True,True,False,False,True,True,False,True,True,False,False,False,MASTER_COMBINED_RAW.csv,,,,,,,6,0.0,4.0,2.0
"Bhairav, Hijaj",https://raagtime.com/ragas/bhairav-hijaj,06-09,S - R - G - m - P - d - n - S',S' - n - d - P - m - G - m - P - r - S',True,True,True,False,True,True,False,True,True,False,True,False,MASTER_COMBINED_RAW.csv,,,,,,,8,0.0,5.0,3.0
Bhairavi,https://raagtime.com/ragas/bhairavi,06-09,S - r - g - m - P - d - n - S',S' - n - d - P - m - g - r - S,True,True,False,True,False,True,False,True,True,False,True,False,MASTER_COMBINED_RAW.csv,,,,,,,7,0.0,3.0,4.0
"Bhairavi, Adi",https://raagtime.com/ragas/bhairavi-adi,09-12,S - g - R - g - m - P - d - S',S' - d - P - m - P - g - R - S,True,False,True,True,False,True,False,True,True,False,False,False,MASTER_COMBINED_RAW.csv,,,,,,,6,0.0,4.0,2.0
"Bhairav, Kabir",https://raagtime.com/ragas/bhairav-kabir,06-09,"S - r - G - m, P - d - N - S'","S', r' - n - d - P - m - G - m - (r)G, m - r - S",True,True,False,False,True,True,False,True,True,False,True,True,MASTER_COMBINED_RAW.csv,,,,,,,8,0.0,5.0,3.0
"Bhairav, Kaushi",https://raagtime.com/ragas/bhairav-kaushi,06-09,S - m - G - m - P - m - m - (N)d - (N)d - S',S' - R' - n - D - P - m - (G)m - G - m - P - r - S - (r)'d - (S)'n - S - m,True,True,True,False,True,True,False,True,True,True,True,True,MASTER_COMBINED_RAW.csv,,,,,,,10,0.0,7.0,3.0
"Bhairav, Komal",https://raagtime.com/ragas/bhairav-komal,06-09,"S - r, g - m - P - d - n - S'","S' - n - d - P - d - n - d - P, m - g - r - S",True,True,False,True,False,True,False,True,True,False,True,False,MASTER_COMBINED_RAW.csv,,,,,,,7,0.0,3.0,4.0
"Bhairav, Mangal",https://raagtime.com/ragas/bhairav-mangal,06-09,S - r - m - P - D - S',"S' - D - P - m - (G)r, S - r - G - r - S, (S)'D - 'D - S",True,True,False,False,True,True,False,True,False,True,False,False,MASTER_COMBINED_RAW.csv,,,,,,,6,0.0,5.0,1.0
"Bhairav, Nat",https://raagtime.com/ragas/bhairav-nat,06-09,S - R - G - m - P - d - N - S',S' - N - d - P - m - G - R - S,True,False,True,False,True,True,False,True,True,False,False,True,MASTER_COMBINED_RAW.csv,,,,,,,7,0.0,6.0,1.0
"Bhairav, Prabhaat",https://raagtime.com/ragas/bhairav-prabhaat,06-09,"N - r - G - m - M - G, G - m - P - d - N - S'","S' - N - d - P - m, m - d - M - m - G, r - G - M - G - r - S",True,True,False,False,True,True,True,True,True,False,False,True,MASTER_COMBINED_RAW.csv,,,,,,,8,1.0,5.0,2.0
"Bhairav, Saveri",https://raagtime.com/ragas/bhairav-saveri,06-09,S - r - m - P - d - S',S' - N - d - P - m - G - r - S,True,True,False,False,True,True,False,True,True,False,False,True,MASTER_COMBINED_RAW.csv,,,,,,,7,0.0,5.0,2.0
"Bhairav, Shivmat",https://raagtime.com/ragas/bhairav-shivmat,06-09,"S - r - S, G - m - P, (N)d - (N)d - S'","S' - n - d - P - m - g - m - P, m - G - m - (G)r, g - r - S",True,True,False,True,True,True,False,True,True,False,True,True,MASTER_COMBINED_RAW.csv,,,,,,,9,0.0,5.0,4.0
"Bhairav, Sourashtra",https://raagtime.com/ragas/bhairav-sourashtra,06-09,S - 'N - S - m - G - D - N - S,S - d - d - P - G - m - P - G - M - r - S,True,True,False,False,True,True,True,True,True,True,False,True,MASTER_COMBINED_RAW.csv,,,,,,,9,1.0,6.0,2.0
"Bhairav, Udasi",https://raagtime.com/ragas/bhairav-udasi,06-09,S - r - G - m - M - n - S',S' - n - M - m - G - r - S,True,True,False,False,True,True,True,False,False,False,True,False,MASTER_COMBINED_RAW.csv,,,,,,,6,1.0,3.0,2.0
Bhankar,https://raagtime.com/ragas/bhankar,03-06,"'N - r - S,G - m - P, G - M - D - M - G, M - D - S'Nr'S'","S' - r' - N - D, M - m - G, m - G - r - S",True,True,False,False,True,True,True,True,False,True,False,True,MASTER_COMBINED_RAW.csv,,,,,,,8,1.0,6.0,1.0
Bhatiyar,https://raagtime.com/ragas/bhatiyar,03-06,"S - r - S - G - m, D - P -  G - M - D - S'",r' - N - D - P - m - G - M - G - r - S,True,True,False,False,True,True,True,True,False,True,False,True,MASTER_COMBINED_RAW.csv,,,,,,,8,1.0,6.0,1.0
Bhavani,https://raagtime.com/ragas/bhavani,24-03,S - R - m - D - S',"S', D - m, R - S",True,False,True,False,False,True,False,False,False,True,False,False,MASTER_COMBINED_RAW.csv,,,,,,,4,0.0,4.0,0.0
Bhim,https://raagtime.com/ragas/bhim,12-15,S - G - m - P - (S')n - S',g' - R' - S' - n - D - m - (P)D - m - (P)G - R - S,True,False,True,True,True,True,False,True,False,True,True,False,MASTER_COMBINED_RAW.csv,,,,,,,8,0.0,6.0,2.0
Bhimpalasi,https://raagtime.com/ragas/bhimpalasi,15-18,'n - S - g - m - P - n - S',S' - n - D - P - m - g - R - S,True,False,True,True,False,True,False,True,False,True,True,False,MASTER_COMBINED_RAW.csv,,,,,,,7,0.0,5.0,2.0
Bhinna Shadja,https://raagtime.com/ragas/bhinna-shadja,21-24,S - G - m - D - N - S',S' - N - D - m - G - S,True,False,False,False,True,True,False,False,False,True,False,True,MASTER_COMBINED_RAW.csv,,,,,,,5,0.0,5.0,0.0
Bhup,https://raagtime.com/ragas/bhup,18-21,S - R - G - P - D - S',S' - D - P - G - R - S - 'D - S,True,False,True,False,True,False,False,True,False,True,False,False,MASTER_COMBINED_RAW.csv,,,,,,,5,0.0,5.0,0.0
Bibhas,https://raagtime.com/ragas/bibhas,06-09,"S - r - G, M - G, P - D - N - D - S'","S', N - D, M - D, M - G - r - S",True,True,False,False,True,False,True,True,False,True,False,True,MASTER_COMBINED_RAW.csv,,,,,,,7,1.0,5.0,1.0
Bihag,https://raagtime.com/ragas/bihag,21-24,'N - S - G - m - P - N - S',S' - N - (D) - P - M - P - G - m - G - R - S,True,False,True,False,True,True,True,True,False,True,False,True,MASTER_COMBINED_RAW.csv,,,,,,,8,1.0,7.0,0.0
Bihagda,https://raagtime.com/ragas/bihagda,21-24,'N - S - G - m - P - N - S',"S' - N - D - P, n - D - P, D - G - m - G - R - S",True,False,True,False,True,True,False,True,False,True,True,True,MASTER_COMBINED_RAW.csv,,,,,,,8,0.0,7.0,1.0
"Bihag, Nat",https://raagtime.com/ragas/bihag-nat,21-24,"S - R - G - m - P, P - N - N - S'","S' - N - D - P, G - m - n - D - P - m - G, (P)m - G - R - S",True,False,True,False,True,True,False,True,False,True,True,True,MASTER_COMBINED_RAW.csv,,,,,,,8,0.0,7.0,1.0
"Bihag, Pat",https://raagtime.com/ragas/bihag-pat,21-24,S - G - m - P - N - S',"S' - N - D - P, G - m - (R)G - R - S",True,False,True,False,True,True,False,True,False,True,False,True,MASTER_COMBINED_RAW.csv,,,,,,,7,0.0,7.0,0.0
"Bihag, Sawani",https://raagtime.com/ragas/bihag-sawani,21-24,S - G - m - P - N - S',S - N - D - P - m - G - R - S,True,False,True,False,True,True,False,True,False,True,False,True,MASTER_COMBINED_RAW.csv,,,,,,,7,0.0,7.0,0.0
Bilawal,https://raagtime.com/ragas/bilawal,06-09,Sa Re Ga Ma Pa Dha Ni Sa,Sa Ni Dha Pa Ma Ga Re Sa,True,False,True,False,True,False,True,True,False,True,False,True,MASTER_COMBINED_RAW.csv,,,,,,,7,1.0,6.0,0.0
"Bilawal, Alahaiya",https://raagtime.com/ragas/bilawal-alahaiya,06-09,S - GR - G - P - ND - N - S',S' - N - D - n - D - P - m - G - m - R - S,True,False,True,False,True,True,False,True,False,True,True,True,MASTER_COMBINED_RAW.csv,,,,,,,8,0.0,7.0,1.0
"Bilawal, Devgiri",https://raagtime.com/ragas/bilawal-devgiri,06-09,"S - (G)R - (P)G - P, N - D - N - S'","S - N - D - P, (D)P - m - G - R, (R) - 'N - R - 'N, R - G - m - G - (R)G - R - S",True,False,True,False,True,True,False,True,False,True,False,True,MASTER_COMBINED_RAW.csv,,,,,,,7,0.0,7.0,0.0
"Bilawal, Jaij",https://raagtime.com/ragas/bilawal-jaij,09-12,"S - R - G - m - G - R, m - P - N - S'","S' - n - D - P - m - G - R, R - G - (m)R - S",True,False,True,False,True,True,False,True,False,True,True,True,MASTER_COMBINED_RAW.csv,,,,,,,8,0.0,7.0,1.0
"Bilawal, Kukubh",https://raagtime.com/ragas/bilawal-kukubh,06-09,S - R - G - P - (N)D - N - S',"S' - N - D - n - D - P, m - G - (M)R - S - S - R - S",True,False,True,False,True,True,True,True,False,True,True,True,MASTER_COMBINED_RAW.csv,,,,,,,9,1.0,7.0,1.0
"Bilawal, Nat",https://raagtime.com/ragas/bilawal-nat,09-12,"S - G - m, P - m - G, M - P - D - N - S'","S' - N - D - n - P, m - G, m - R - S",True,False,True,False,True,True,True,True,False,True,True,True,MASTER_COMBINED_RAW.csv,,,,,,,9,1.0,7.0,1.0
"Bilawal, Sarpada",https://raagtime.com/ragas/bilawal-sarpada,06-09,"S - (G)R - G, G - R - G - m, P - (n)D - N - S'","S' - N - D - P, D - n - D - P - m, G - R, G - (m)R - S",True,False,True,False,True,True,False,True,False,True,True,True,MASTER_COMBINED_RAW.csv,,,,,,,8,0.0,7.0,1.0
"Bilawal, Shukla",https://raagtime.com/ragas/bilawal-shukla,06-09,"S - G - m, P - G - m - P - D - N - S'","S' - n - D - P - D - M, (P)G, R - S",True,False,True,False,True,True,True,True,False,True,True,True,MASTER_COMBINED_RAW.csv,,,,,,,9,1.0,7.0,1.0
"Bilawal, Sukhiya",https://raagtime.com/ragas/bilawal-sukhiya,09-12,"S - G - m - P, P - N - DNS'","S' - D - NDP, m - P - G, RS",True,False,True,False,True,True,False,True,False,True,False,True,MASTER_COMBINED_RAW.csv,,,,,,,7,0.0,7.0,0.0
"Bilawal, Yamani",https://raagtime.com/ragas/bilawal-yamani,06-09,S - R - G - P - D - N - S',"S' - N - D - P, D - n - D - P - M - G - m - G - R, G - R - S",True,False,True,False,True,True,True,True,False,True,True,True,MASTER_COMBINED_RAW.csv,,,,,,,9,1.0,7.0,1.0
Chakradhar,https://raagtime.com/ragas/chakradhar,21-24,S - G - m - D - N - S',S' - N - D - P - m - G - m - R - S,True,False,True,False,True,True,False,True,False,True,False,True,MASTER_COMBINED_RAW.csv,,,,,,,7,0.0,7.0,0.0
Champak,https://raagtime.com/ragas/champak,18-21,"S - (R)G m, G - m - P - D - N - N - D - S'","S' - R' - n - D - (P)m, (m)P - (P)G - (R)S - R - S",True,False,True,False,True,True,False,True,False,True,True,True,MASTER_COMBINED_RAW.csv,,,,,,,8,0.0,7.0,1.0
Chandrakant,https://raagtime.com/ragas/chandrakant,18-21,S - R - G - P - D - N - S',"S' - N - D - P, M - G - R - S",True,False,True,False,True,False,True,True,False,True,False,True,MASTER_COMBINED_RAW.csv,,,,,,,7,1.0,6.0,0.0
Chandrakauns,https://raagtime.com/ragas/chandrakauns,21-24,S - g - m - d - N - S',S' - N - d - m - g - m - g - S - 'N - S,True,False,False,True,False,True,False,False,True,False,False,True,MASTER_COMBINED_RAW.csv,,,,,,,5,0.0,3.0,2.0
Chandranandan,https://raagtime.com/ragas/chandranandan,21-24,S - g - m - d - N - S',R' - n - d - P - m - G - S - g - S,True,False,True,True,True,True,False,True,True,False,True,True,MASTER_COMBINED_RAW.csv,,,,,,,9,0.0,6.0,3.0
Chandraprabha,https://raagtime.com/ragas/chandraprabha,21-24,S - R - m - d - N - S',S' - N - d - m - R - S,True,False,True,False,False,True,False,False,True,False,False,True,MASTER_COMBINED_RAW.csv,,,,,,,5,0.0,4.0,1.0
Chandrika,https://raagtime.com/ragas/chandrika,24-03,S - R - m - P - N - S',"S' - D - P, m - P - D, P - m - R, 'N - S",True,False,True,False,False,True,False,True,False,True,False,True,MASTER_COMBINED_RAW.csv,,,,,,,6,0.0,6.0,0.0
"Chandrika, Udan",https://raagtime.com/ragas/chandrika-udan,12-15,S - g - m - P - n - S',S' - n - P - D - P - m - g - S,True,False,False,True,False,True,False,True,False,True,True,False,MASTER_COMBINED_RAW.csv,,,,,,,6,0.0,4.0,2.0
"Chandrika, Uday",https://raagtime.com/ragas/chandrika-uday,09-12,S - R - g - m - P - d - N - S',S' - d - P - m - R - S,True,False,True,True,False,True,False,True,True,False,False,True,MASTER_COMBINED_RAW.csv,,,,,,,7,0.0,5.0,2.0
"Chandrika, Uday Ravi",https://raagtime.com/ragas/chandrika-uday-ravi,18-21,S - R - G - m - D - N - S',S' - N - D - m - G - R - S,True,False,True,False,True,True,False,False,False,True,False,True,MASTER_COMBINED_RAW.csv,,,,,,,6,0.0,6.0,0.0
Charukeshi,https://raagtime.com/ragas/charukeshi,09-12,S - R - G - m - P - d - n - S',S' - n - d - P - m - G - R - S,True,False,True,False,True,True,False,True,True,False,True,False,MASTER_COMBINED_RAW.csv,,,,,,,7,0.0,5.0,2.0
Chhayanat,https://raagtime.com/ragas/chhayanat,21-24,"S - R - G - m - PR, G - m - D - P, P - S' - N - S'","R' - S' - ND - PR, G - M - R - S",True,False,True,False,True,True,True,True,False,True,False,True,MASTER_COMBINED_RAW.csv,,,,,,,8,1.0,7.0,0.0
Daulati,https://raagtime.com/ragas/daulati,24-03,S - R - P - m - n - P - N - S',S' - N - P - g - m - R - S,True,False,True,True,False,True,False,True,False,False,True,True,MASTER_COMBINED_RAW.csv,,,,,,,7,0.0,5.0,2.0
Deepak,https://raagtime.com/ragas/deepak,21-24,"S - G - m - P, D - N - S'",S' - n - D - P - m - G - R - S,True,False,True,False,True,True,False,True,False,True,True,True,MASTER_COMBINED_RAW.csv,,,,,,,8,0.0,7.0,1.0
Des,https://raagtime.com/ragas/des,24-03,S - R - m - P - N - S',S' - n - D - P - m - G - R - 'N - S,True,False,True,False,True,True,False,True,False,True,True,True,MASTER_COMBINED_RAW.csv,,,,,,,8,0.0,7.0,1.0
Deshakhya,https://raagtime.com/ragas/deshakhya,21-24,"'N - S - m - R, P - m, n - P, S'","S', n - P, m - P, g - m, R - S",True,False,True,True,False,True,False,True,False,False,True,True,MASTER_COMBINED_RAW.csv,,,,,,,7,0.0,5.0,2.0
Desh Gaud,https://raagtime.com/ragas/desh-gaud,06-09,"S - r - S, P - d - N - S'","S' - N - d - P, S - r - S",True,True,False,False,False,False,False,True,True,False,False,True,MASTER_COMBINED_RAW.csv,,,,,,,5,0.0,3.0,2.0
Desi,https://raagtime.com/ragas/desi,09-12,S - R - m - P -  m - P - n - S',"S' - P - D - P - d - m - P, R - g - S - R - 'n - S",True,False,True,True,False,True,False,True,True,True,True,False,MASTER_COMBINED_RAW.csv,,,,,,,8,0.0,5.0,3.0
"Desi, Komal",https://raagtime.com/ragas/desi-komal,09-12,S - R - m - P - n' - S',S' - n - d - P - m - g- r - S,True,True,True,True,False,True,False,True,True,False,True,False,MASTER_COMBINED_RAW.csv,,,,,,,8,0.0,4.0,4.0
Deskar,https://raagtime.com/ragas/deskar,06-09,S - R - G - P - D - S',"S' - D - P, D - P - G, P - G - R - S",True,False,True,False,True,False,False,True,False,True,False,False,MASTER_COMBINED_RAW.csv,,,,,,,5,0.0,5.0,0.0
Dev Gandhar,https://raagtime.com/ragas/dev-gandhar,09-12,"S - R - m - P - d - (D)m, P - d - n - S'","S' - n - d - P - m - P - (m)g  - R  - S, R - n - S - R - G - m, P - (m)g - R - S",True,False,True,True,True,True,False,True,True,True,True,False,MASTER_COMBINED_RAW.csv,,,,,,,9,0.0,6.0,3.0
Dhanashree,https://raagtime.com/ragas/dhanashree,18-21,N - S - G - m - P - N - S',"S' - N - D - P, P - Dm, P - G, G - m - G - R - S",True,False,True,False,True,True,False,True,False,True,False,True,MASTER_COMBINED_RAW.csv,,,,,,,7,0.0,7.0,0.0
"Dhanashree, Multani",https://raagtime.com/ragas/dhanashree-multani,21-24,"'n - S - m - g - M - P, (m)g - m - P - S' - n - S'","S' - N - d - P - M - g - M - g, g - M - P - (M)g, M - g - r - S",True,True,False,True,False,True,True,True,True,False,True,True,MASTER_COMBINED_RAW.csv,,,,,,,9,1.0,4.0,4.0
"Dhanashree, Puriya",https://raagtime.com/ragas/dhanashree-puriya,15-18,'N - r - G - M - d - N - r' - S',"r' - N - d - P, M - G - M - r - G - r - S",True,True,False,False,True,False,True,True,True,False,False,True,MASTER_COMBINED_RAW.csv,,,,,,,7,1.0,4.0,2.0
Dhani,https://raagtime.com/ragas/dhani,Monsoon,'n - S - g - m - P - n - S',S' - n - P - M - g - R - S,True,False,True,True,False,True,True,True,False,False,True,False,MASTER_COMBINED_RAW.csv,,,,,,,7,1.0,4.0,2.0
Dhanya Dhaivat,https://raagtime.com/ragas/dhanya-dhaivat,03-06,"S - r - G, P - D - S'","S' - D - P, G - r - S",True,True,False,False,True,False,False,True,False,True,False,False,MASTER_COMBINED_RAW.csv,,,,,,,5,0.0,4.0,1.0
Dhavalshree,https://raagtime.com/ragas/dhavalshree,Monsoon,'N - S - G - P - M - d - P - M - D - N - D - P - M - D - N - S,r' - N - d - P - M - G - M - r - G - r - S,True,True,False,False,True,False,True,True,True,True,False,True,MASTER_COMBINED_RAW.csv,,,,,,,8,1.0,5.0,2.0
Durga,https://raagtime.com/ragas/durga,21-24,S - R - m - R - P - D - S',S' - D - P - D - m - R - 'D - S,True,False,True,False,False,True,False,True,False,True,False,False,MASTER_COMBINED_RAW.csv,,,,,,,5,0.0,5.0,0.0
Gandhakriya,https://raagtime.com/ragas/gandhakriya,06-09,S - r - G - r - m - P - N - d - N - S',S' - N - d - P - m - G - r - S,True,True,False,False,True,True,False,True,True,False,False,True,MASTER_COMBINED_RAW.csv,,,,,,,7,0.0,5.0,2.0
Gandhari,https://raagtime.com/ragas/gandhari,09-12,S - R - m - P - d - n - S',S' - n - d - n - d - P - m - g - r - S,True,True,True,True,False,True,False,True,True,False,True,False,MASTER_COMBINED_RAW.csv,,,,,,,8,0.0,4.0,4.0
Gara,https://raagtime.com/ragas/gara,06-09,S - G - m - P - D - N - S',"S' - n - D - P - m - G, R - g - R - S, N - (R)S - 'n - 'D - S",True,False,True,True,True,True,False,True,False,True,True,True,MASTER_COMBINED_RAW.csv,,,,,,,9,0.0,7.0,2.0
Gauri,https://raagtime.com/ragas/gauri,18-21,"S - (r)G - r, G - G - m - P - m, P - d - N - S'","S' - N - D - (m)P, d - (m)P - m - (r)G, (r)G - r - 'N - S - 'N - S",True,True,False,False,True,True,False,True,True,True,False,True,MASTER_COMBINED_RAW.csv,,,,,,,8,0.0,6.0,2.0
"Gauri, Lalita",https://raagtime.com/ragas/gauri-lalita,18-21,"S - r - G - m, M - m - G, G - m - P - d - P, P - d - N - S'","S' - N - d - P, d - m, M - d - M - m, G - (M)r - S",True,True,False,False,True,True,True,True,True,False,False,True,MASTER_COMBINED_RAW.csv,,,,,,,8,1.0,5.0,2.0
Girija,https://raagtime.com/ragas/girija,06-09,S - G - m - d - N - S',S' - N - d - m - G - S,True,False,False,False,True,True,False,False,True,False,False,True,MASTER_COMBINED_RAW.csv,,,,,,,5,0.0,4.0,1.0
Gopika Basant,https://raagtime.com/ragas/gopika-basant,06-09,S - g - m - P - d - n - S',S' - n - d - P - m - g - S,True,False,False,True,False,True,False,True,True,False,True,False,MASTER_COMBINED_RAW.csv,,,,,,,6,0.0,3.0,3.0
Gunakali,https://raagtime.com/ragas/gunakali,06-09,S - r - m - P - d - S',S' - d - P - m - r - S,True,True,False,False,False,True,False,True,True,False,False,False,MASTER_COMBINED_RAW.csv,,,,,,,5,0.0,3.0,2.0
"Gunakali, Utari",https://raagtime.com/ragas/gunakali-utari,06-09,"S - r - g - m, - m - P - (n)d - n - S'","S' - n - (n)d -P, d - m - P, (P)g, g - m - r - S",True,True,False,True,False,True,False,True,True,False,True,False,MASTER_COMBINED_RAW.csv,,,,,,,7,0.0,3.0,4.0
Gyankali,https://raagtime.com/ragas/gyankali,09-12,S - r - m - d - n - S',S' - n - d - m - r - S,True,True,False,False,False,True,False,False,True,False,True,False,MASTER_COMBINED_RAW.csv,,,,,,,5,0.0,2.0,3.0
Hameer,https://raagtime.com/ragas/hameer,21-24,S - R - S - G - m - D - N - D - S',S' - N - D - P - M - P - G - m - R - S,True,False,True,False,True,True,True,True,False,True,False,True,MASTER_COMBINED_RAW.csv,,,,,,,8,1.0,7.0,0.0
Harikauns,https://raagtime.com/ragas/harikauns,21-24,S - g - M - D - n - S',S' - n - D - M - g - S,True,False,False,True,False,False,True,False,False,True,True,False,MASTER_COMBINED_RAW.csv,,,,,,,5,1.0,2.0,2.0
Haunsdhwani,https://raagtime.com/ragas/haunsdhwani,18-21,S - R - G - P - N - S',S' - N - P - G - R - S,True,False,True,False,True,False,False,True,False,False,False,True,MASTER_COMBINED_RAW.csv,,,,,,,5,0.0,5.0,0.0
Haunskinkini,https://raagtime.com/ragas/haunskinkini,12-15,'N - S - G - m - P - N - S',"S - n - D - P - m - P - g, m - P - (m)g - R - S - 'N - 'N - S",True,False,True,True,True,True,False,True,False,True,True,True,MASTER_COMBINED_RAW.csv,,,,,,,9,0.0,7.0,2.0
Haunsnad,https://raagtime.com/ragas/haunsnad,18-21,S - r - G - M - N - S',S' - N - P - M - r - S,True,True,False,False,True,False,True,True,False,False,False,True,MASTER_COMBINED_RAW.csv,,,,,,,6,1.0,4.0,1.0
Hemant,https://raagtime.com/ragas/hemant,21-24,S - G - m - D - N - S',S' - N - D - P - m - G - m - R - S,True,False,True,False,True,True,False,True,False,True,False,True,MASTER_COMBINED_RAW.csv,,,,,,,7,0.0,7.0,0.0
Hemavanti,https://raagtime.com/ragas/hemavanti,06-09,S - r - M - P - d - N - S',S' - N - d - P - M - g - r - S',True,True,False,True,False,False,True,True,True,False,False,True,MASTER_COMBINED_RAW.csv,,,,,,,7,1.0,3.0,3.0
Hevitri,https://raagtime.com/ragas/hevitri,03-06,S - r - G - m - P - D - S',S' - n - D - P - m - G - r - S,True,True,False,False,True,True,False,True,False,True,True,False,MASTER_COMBINED_RAW.csv,,,,,,,7,0.0,5.0,2.0
Hindol,https://raagtime.com/ragas/hindol,03-06,S - G - M - D - N - D - S',S' - N - D - M - G - S,True,False,False,False,True,False,True,False,False,True,False,True,MASTER_COMBINED_RAW.csv,,,,,,,5,1.0,4.0,0.0
"Hindol, Marg",https://raagtime.com/ragas/hindol-marg,03-06,"S - G - M, D - N - D, S'","S' - r - N - D, M - g, P - G - S",True,True,False,True,True,False,True,True,False,True,False,True,MASTER_COMBINED_RAW.csv,,,,,,,8,1.0,5.0,2.0
"Hindol, Saanjh Ki",https://raagtime.com/ragas/hindol-saanjh-ki,18-21,"S - G, M - D - M - n, M - D - S'","S', N - D - N, D - M - G, S",True,False,False,False,True,False,True,False,False,True,True,True,MASTER_COMBINED_RAW.csv,,,,,,,6,1.0,4.0,1.0
"Hindol, Sampoorna",https://raagtime.com/ragas/hindol-sampoorna,03-06,"S - M - g, (D)M - (N)D - S'","S' - (N)D - M - g, P - (M)G, M - G - S(R) - 'D - S",True,False,True,True,True,False,True,True,False,True,False,True,MASTER_COMBINED_RAW.csv,,,,,,,8,1.0,6.0,1.0
Homshikha,https://raagtime.com/ragas/homshikha,24-03,"S - G, P - D, N - S'","S' - n, D - P, G - g - S",True,False,False,True,True,False,False,True,False,True,True,True,MASTER_COMBINED_RAW.csv,,,,,,,7,0.0,5.0,2.0
Jaijaiwanti,https://raagtime.com/ragas/jaijaiwanti,18-21,S - R - G - m - P - m - G - m - P - N - S',S' - n - D - P - m - G - R - g - R - S,True,False,True,True,True,True,False,True,False,True,True,True,MASTER_COMBINED_RAW.csv,,,,,,,9,0.0,7.0,2.0
Jaijaiwanti (Des Ang),https://raagtime.com/ragas/jaijaiwanti-des-ang,18-21,'N - S - R - G - m - P - N - S',S' - n - D - P - m - G - R - 'N - S - 'D - 'n - R,True,False,True,False,True,True,False,True,False,True,True,True,MASTER_COMBINED_RAW.csv,,,,,,,8,0.0,7.0,1.0
Jaikauns,https://raagtime.com/ragas/jaikauns,21-24,"'N - S, g - m - M - m, D - N - S'","S' - N - D, m - M - m, g - S",True,False,False,True,False,True,True,False,False,True,False,True,MASTER_COMBINED_RAW.csv,,,,,,,6,1.0,4.0,1.0
Jairaj,https://raagtime.com/ragas/jairaj,24-03,"S - R - m - P, m - D - N - S'","S' - D - P - M, D - P, m - R - S",True,False,True,False,False,True,True,True,False,True,False,True,MASTER_COMBINED_RAW.csv,,,,,,,7,1.0,6.0,0.0
Jait,https://raagtime.com/ragas/jait,18-21,S - r - G - P - D - P - S',S' - P - D - P - G - r - S,True,True,False,False,True,False,False,True,False,True,False,False,MASTER_COMBINED_RAW.csv,,,,,,,5,0.0,4.0,1.0
Jaitshree,https://raagtime.com/ragas/jaitshree,Monsoon,'N - S - G - P - M - d - P - M - P - N - S',R' - N - d - P - S' - P - M - G - M - r - G - r - S,True,True,True,False,True,False,True,True,True,False,False,True,MASTER_COMBINED_RAW.csv,,,,,,,8,1.0,5.0,2.0
Jaiwanti,https://raagtime.com/ragas/jaiwanti,09-12,"S - r - g, M - P - S'","S' - d - P, M - g - r - S",True,True,False,True,False,False,True,True,True,False,False,False,MASTER_COMBINED_RAW.csv,,,,,,,6,1.0,2.0,3.0
Janasamohini,https://raagtime.com/ragas/janasamohini,18-21,S - R - G - P - D - n - S',"S' - n - D - P - G - P - G - R, S - 'n - 'D - S",True,False,True,False,True,False,False,True,False,True,True,False,MASTER_COMBINED_RAW.csv,,,,,,,6,0.0,5.0,1.0
Jaunpuri,https://raagtime.com/ragas/jaunpuri,09-12,S - R - m - P - d - n - S',S' - n - d - P - m - g - R - S,True,False,True,True,False,True,False,True,True,False,True,False,MASTER_COMBINED_RAW.csv,,,,,,,7,0.0,4.0,3.0
Jayant,https://raagtime.com/ragas/jayant,03-06,S - g - m - P - D - S',"S' - n - D - P, m - g - S",True,False,False,True,False,True,False,True,False,True,True,False,MASTER_COMBINED_RAW.csv,,,,,,,6,0.0,4.0,2.0
Jhinjhoti,https://raagtime.com/ragas/jhinjhoti,21-24,S - R - m - P - D - S',S' - n - D - P - m - G - R - G - (R) - S,True,False,True,False,True,True,False,True,False,True,True,False,MASTER_COMBINED_RAW.csv,,,,,,,7,0.0,6.0,1.0
Jog,https://raagtime.com/ragas/jog,24-03,'n - S - G - m - P - n - S',S' - n - P - m - G - S - g - S,True,False,False,True,True,True,False,True,False,False,True,False,MASTER_COMBINED_RAW.csv,,,,,,,6,0.0,4.0,2.0
Jogiya,https://raagtime.com/ragas/jogiya,06-09,S - r - m - P - d - S',S' - N - d - P - d - m - r - S,True,True,False,False,False,True,False,True,True,False,False,True,MASTER_COMBINED_RAW.csv,,,,,,,6,0.0,4.0,2.0
Jogkauns,https://raagtime.com/ragas/jogkauns,24-03,S - G - m - P - N - d - N - S',"S' - N - d - (S)n - S', n - d - m - P - m - G, S - G - m - g - S",True,False,False,True,True,True,False,True,True,False,True,True,MASTER_COMBINED_RAW.csv,,,,,,,8,0.0,5.0,3.0
Jungala,https://raagtime.com/ragas/jungala,24-03,S - R - g - m - P - D - N - S',"S', n - d, P - D, P - m - g - R - S",True,False,True,True,False,True,False,True,True,True,True,True,MASTER_COMBINED_RAW.csv,,,,,,,9,0.0,6.0,3.0
Kaamaai,https://raagtime.com/ragas/kaamaai,21-24,"S - G, m - P, n - S'","S' - n, D - P, m - G - R - S",True,False,True,False,True,True,False,True,False,True,True,False,MASTER_COMBINED_RAW.csv,,,,,,,7,0.0,6.0,1.0
Kaamkesh,https://raagtime.com/ragas/kaamkesh,21-24,S - m - G - m - P - D - N - S',S' - n - D - P - m - G - m - S,True,False,False,False,True,True,False,True,False,True,True,True,MASTER_COMBINED_RAW.csv,,,,,,,7,0.0,6.0,1.0
Kafi,https://raagtime.com/ragas/kafi,18-21,S - R - g - m - P - D - n - S',S' - n - D - P - D - m - g - R - S,True,False,True,True,False,True,False,True,False,True,True,False,MASTER_COMBINED_RAW.csv,,,,,,,7,0.0,5.0,2.0
Kakambheri,https://raagtime.com/ragas/kakambheri,06-09,S - r - g - m - P - d - S',S' - n - d - P - m - g - r - S,True,True,False,True,False,True,False,True,True,False,True,False,MASTER_COMBINED_RAW.csv,,,,,,,7,0.0,3.0,4.0
Kala Bharan,https://raagtime.com/ragas/kala-bharan,18-21,S - R - G - m - P - D - n - S',S' - D - P - G - R - S,True,False,True,False,True,True,False,True,False,True,True,False,MASTER_COMBINED_RAW.csv,,,,,,,7,0.0,6.0,1.0
Kalawati,https://raagtime.com/ragas/kalawati,21-24,S - G - P - D - n - D - S',S' - n - D - P - G - P - G - S,True,False,False,False,True,False,False,True,False,True,True,False,MASTER_COMBINED_RAW.csv,,,,,,,5,0.0,4.0,1.0
Kalingda,https://raagtime.com/ragas/kalingda,03-06,S - r - G - m - P - d - N - S',S' - N - d - P - m - G - r - S,True,True,False,False,True,True,False,True,True,False,False,True,MASTER_COMBINED_RAW.csv,,,,,,,7,0.0,5.0,2.0
"Kalyan, Chandra",https://raagtime.com/ragas/kalyan-chandra,18-21,S - r - M - P - d - P - N - S',S' - N - r - N - d - P - M - d - P - M - r - S,True,True,False,False,False,False,True,True,True,False,False,True,MASTER_COMBINED_RAW.csv,,,,,,,6,1.0,3.0,2.0
"Kalyan, Durga",https://raagtime.com/ragas/kalyan-durga,18-21,S - R - G - M - P - D - N - S',"S' - N - D - P - M - G - R, m - (m)R - (R)'D - S",True,False,True,False,True,True,True,True,False,True,False,True,MASTER_COMBINED_RAW.csv,,,,,,,8,1.0,7.0,0.0
"Kalyan, Gorakh",https://raagtime.com/ragas/kalyan-gorakh,21-24,S - R - m - D - n - D - S',S' - n - D - P - m - R - S - 'n - 'D - S,True,False,True,False,False,True,False,True,False,True,True,False,MASTER_COMBINED_RAW.csv,,,,,,,6,0.0,5.0,1.0
"Kalyan, Hem",https://raagtime.com/ragas/kalyan-hem,18-21,'P - 'D - 'P - S - R - S - G - m - P - D -  P - S',S - D - P - G - m - P - G - m - R - S,True,False,True,False,True,True,False,True,False,True,False,False,MASTER_COMBINED_RAW.csv,,,,,,,6,0.0,6.0,0.0
"Kalyan, Jait",https://raagtime.com/ragas/kalyan-jait,18-21,S - R - G - P - D - S,S - D - P - G - R - S,True,False,True,False,True,False,False,True,False,True,False,False,MASTER_COMBINED_RAW.csv,,,,,,,5,0.0,5.0,0.0
"Kalyan, Kesari",https://raagtime.com/ragas/kalyan-kesari,18-21,S - R - G - P - D - S',S' - D - M - P - M - G - R - S,True,False,True,False,True,False,True,True,False,True,False,False,MASTER_COMBINED_RAW.csv,,,,,,,6,1.0,5.0,0.0
"Kalyan, Khem",https://raagtime.com/ragas/kalyan-khem,18-21,S - G - R - G - m - P - N - S',"S' - N - D - M - G - R, G - M - (G)R - 'N - 'D - 'N - S",True,False,True,False,True,True,True,True,False,True,False,True,MASTER_COMBINED_RAW.csv,,,,,,,8,1.0,7.0,0.0
"Kalyan, Lakshmi",https://raagtime.com/ragas/kalyan-lakshmi,18-21,"S, R - G - m - R, M - P, D, N - S'","S' - N - D - P, M, m, G - m - R - S",True,False,True,False,True,True,True,True,False,True,False,True,MASTER_COMBINED_RAW.csv,,,,,,,8,1.0,7.0,0.0
"Kalyan, Purba",https://raagtime.com/ragas/kalyan-purba,18-21,S - r - G - M - P - D - N - S',S' - N - D - P - M - G - (M)r - G - r - S,True,True,False,False,True,False,True,True,False,True,False,True,MASTER_COMBINED_RAW.csv,,,,,,,7,1.0,5.0,1.0
"Kalyan, Puriya",https://raagtime.com/ragas/kalyan-puriya,15-18,'N - r - G - M - D - N - r' - S',S' - N - D - P - M - G - r - S,True,True,False,False,True,False,True,True,False,True,False,True,MASTER_COMBINED_RAW.csv,,,,,,,7,1.0,5.0,1.0
"Kalyan, Raj",https://raagtime.com/ragas/kalyan-raj,21-24,N - R - G - M - D - N - S',"S' N - D - M - G - R, N - R - S",True,False,True,False,True,False,True,False,False,True,False,True,MASTER_COMBINED_RAW.csv,,,,,,,6,1.0,5.0,0.0
"Kalyan, Samant",https://raagtime.com/ragas/kalyan-samant,21-24,S - R - G - P - D - S',S' - N - D - P - M - G - R - S,True,False,True,False,True,False,True,True,False,True,False,True,MASTER_COMBINED_RAW.csv,,,,,,,7,1.0,6.0,0.0
"Kalyan, Shree",https://raagtime.com/ragas/kalyan-shree,06-09,"S, R, M, P, D - P, S'","S', D - P, M - P, R - S",True,False,True,False,False,False,True,True,False,True,False,False,MASTER_COMBINED_RAW.csv,,,,,,,5,1.0,4.0,0.0
"Kalyan, Shuddha",https://raagtime.com/ragas/kalyan-shuddha,18-21,S - R - G - P - D - S',"S - ND - P, P - MG - R - S",True,False,True,False,True,False,True,True,False,True,False,True,MASTER_COMBINED_RAW.csv,,,,,,,7,1.0,6.0,0.0
"Kalyan, Shyam",https://raagtime.com/ragas/kalyan-shyam,18-21,S - R - M - P - N - S',S' - N - D - P - M - P - G - m - R - S,True,False,True,False,True,True,True,True,False,True,False,True,MASTER_COMBINED_RAW.csv,,,,,,,8,1.0,7.0,0.0
"Kalyan, Yaman",https://raagtime.com/ragas/kalyan-yaman,18-21,N - R - G - M - D - N - S',S' - N - D - P - M - G - m - G - R - S,True,False,True,False,True,True,True,True,False,True,False,True,MASTER_COMBINED_RAW.csv,,,,,,,8,1.0,7.0,0.0
Kamboji,https://raagtime.com/ragas/kamboji,21-24,"S - R - G, P, D - S'","S' - n, D - P, m - G - R - S",True,False,True,False,True,True,False,True,False,True,True,False,MASTER_COMBINED_RAW.csv,,,,,,,7,0.0,6.0,1.0
"Kamboji, Gop",https://raagtime.com/ragas/kamboji-gop,21-24,S - R - g - m - P - D - S',S' - n - D - P - m - g - R - S,True,False,True,True,False,True,False,True,False,True,True,False,MASTER_COMBINED_RAW.csv,,,,,,,7,0.0,5.0,2.0
Kamod,https://raagtime.com/ragas/kamod,18-21,S - r - P - m - P - D - P - N - D - S,"S' - N - D - P - M - P - D - P,  G - m - P - G - m - R - S",True,True,True,False,True,True,True,True,False,True,False,True,MASTER_COMBINED_RAW.csv,,,,,,,9,1.0,7.0,1.0
"Kanada, Bageshree",https://raagtime.com/ragas/kanada-bageshree,21-24,"S - R - (m)g - m - P, (m)g - m - D - n - S'",S' - n - D - P - m - P - (m)g - m - R - S,True,False,True,True,False,True,False,True,False,True,True,False,MASTER_COMBINED_RAW.csv,,,,,,,7,0.0,5.0,2.0
"Kanada, Darbari",https://raagtime.com/ragas/kanada-darbari,21-24,S - R - g~ - m - P - d~ - n - S',"R' - n - S' - d~ - n - P, m - P - g~ - m - R - S",True,False,True,True,False,True,False,True,True,False,True,False,MASTER_COMBINED_RAW.csv,,,,,,,7,0.0,4.0,3.0
"Kanada, Gunji",https://raagtime.com/ragas/kanada-gunji,21-24,"S - R - G - (R)G - m, m - P - (m)g, D - n - S'","S' - D - n - P, (m)g - (m)g - m - R - S",True,False,True,True,True,True,False,True,False,True,True,False,MASTER_COMBINED_RAW.csv,,,,,,,8,0.0,6.0,2.0
"Kanada, Hussaini",https://raagtime.com/ragas/kanada-hussaini,21-24,S - 'n - R - g - m - P - D - n - P - S',S' - D - n - P - m - P - g - m - R - S,True,False,True,True,False,True,False,True,False,True,True,False,MASTER_COMBINED_RAW.csv,,,,,,,7,0.0,5.0,2.0
"Kanada, Kafi",https://raagtime.com/ragas/kanada-kafi,24-03,S - R - R - g - m - R - n - D - P - m - P - S',S' - n - D - P - n - P - m - P - g - m - R - S,True,False,True,True,False,True,False,True,False,True,True,False,MASTER_COMBINED_RAW.csv,,,,,,,7,0.0,5.0,2.0
"Kanada, Kaushi",https://raagtime.com/ragas/kanada-kaushi,24-03,"'N - S - m, g - m - d - n - S'","S' - n - d - m, P - m - g - R, g - m - R - S",True,False,True,True,False,True,False,True,True,False,True,True,MASTER_COMBINED_RAW.csv,,,,,,,8,0.0,5.0,3.0
"Kanada, Nayaki",https://raagtime.com/ragas/kanada-nayaki,21-24,S - R - m - P - n - S',S' - n - P - m - P - g - m - R - S,True,False,True,True,False,True,False,True,False,False,True,False,MASTER_COMBINED_RAW.csv,,,,,,,6,0.0,4.0,2.0
"Kanada, Shahana",https://raagtime.com/ragas/kanada-shahana,21-24,"R - n - S - (m)g - m - P, n - D - n - P, m - P - n - P - S'",S' - n - D - n - P - m - P - (m)g - m - R - S,True,False,True,True,False,True,False,True,False,True,True,False,MASTER_COMBINED_RAW.csv,,,,,,,7,0.0,5.0,2.0
"Kanada, Sughrai",https://raagtime.com/ragas/kanada-sughrai,18-21,S - R - (m)g - m - P - n - P - S',S' - n - D - n - P - m - P - (m)g - m - R - S,True,False,True,True,False,True,False,True,False,True,True,False,MASTER_COMBINED_RAW.csv,,,,,,,7,0.0,5.0,2.0
"Kanada, Suha",https://raagtime.com/ragas/kanada-suha,18-21,"'n - S - (m)g - m, P - n - m - P - S'",S' - n - P - m - P - (m)g - m - R - S,True,False,True,True,False,True,False,True,False,False,True,False,MASTER_COMBINED_RAW.csv,,,,,,,6,0.0,4.0,2.0
"Kanada, Suha Sughrai",https://raagtime.com/ragas/kanada-suha-sughrai,18-21,"'n - S - R - g - m, P - n - m - P - S'",S' - n - P - m - P - (m)g - m - R - S,True,False,True,True,False,True,False,True,False,False,True,False,MASTER_COMBINED_RAW.csv,,,,,,,6,0.0,4.0,2.0
"Kanta, Udan",https://raagtime.com/ragas/kanta-udan,21-24,S - R - m - P - m - D - n - S',S' - n - D - P - m - D - m - G - R - S,True,False,True,False,True,True,False,True,False,True,True,False,MASTER_COMBINED_RAW.csv,,,,,,,7,0.0,6.0,1.0
Kapi,https://raagtime.com/ragas/kapi,18-21,S - R - g - m - P - D - n - S',S' - D - P - m - R - g - m - R - S,True,False,True,True,False,True,False,True,False,True,True,False,MASTER_COMBINED_RAW.csv,,,,,,,7,0.0,5.0,2.0
Kedar,https://raagtime.com/ragas/kedar,21-24,"S - m, m - G - P, M - P - D - P - S'","S' - N - D - P, M - P - D - P - m, P - m - R - S",True,False,True,False,True,True,True,True,False,True,False,True,MASTER_COMBINED_RAW.csv,,,,,,,8,1.0,7.0,0.0
"Kedar, Basanti",https://raagtime.com/ragas/kedar-basanti,18-21,"S - R - S - m, m - P, D - N - S'","S' - N - D - P, d - M - P, M - G - M - G, M - G - r - S",True,True,True,False,True,True,True,True,True,True,False,True,MASTER_COMBINED_RAW.csv,,,,,,,10,1.0,7.0,2.0
"Kedar, Chandni",https://raagtime.com/ragas/kedar-chandni,21-24,"S - m, M - M - P , D - N - S'","S' - N - D - P, D - P - M, mR - S",True,False,True,False,False,True,True,True,False,True,False,True,MASTER_COMBINED_RAW.csv,,,,,,,7,1.0,6.0,0.0
"Kedar, Jaldhar",https://raagtime.com/ragas/kedar-jaldhar,18-21,"S - R - S - m, m - P - D - S'",S' - D - P - m - R - S,True,False,True,False,False,True,False,True,False,True,False,False,MASTER_COMBINED_RAW.csv,,,,,,,5,0.0,5.0,0.0
"Kedar, Maluha",https://raagtime.com/ragas/kedar-maluha,18-21,"R - 'N - S, m - R - S, m - G - P - M - D - M - P - S'","S' - N - D - M - P,  (P)G - (m)P - G - m - R - S - 'n - 'D - 'P - 'm, 'P - S",True,False,True,False,True,True,True,True,False,True,True,True,MASTER_COMBINED_RAW.csv,,,,,,,9,1.0,7.0,1.0
"Kedar, Nat",https://raagtime.com/ragas/kedar-nat,18-21,"S - R - S - m, m - G - P, P - D - P - S'","S' - N - D - P, M - P - D - P - m, d - G - m - R - S",True,False,True,False,True,True,True,True,True,True,False,True,MASTER_COMBINED_RAW.csv,,,,,,,9,1.0,7.0,1.0
"Kedar, Sangam",https://raagtime.com/ragas/kedar-sangam,24-03,S - G - M - P - D - N - S',"S' - D - P - M, m - P, G - m - R - S",True,False,True,False,True,True,True,True,False,True,False,True,MASTER_COMBINED_RAW.csv,,,,,,,8,1.0,7.0,0.0
"Kedar, Sawani",https://raagtime.com/ragas/kedar-sawani,Monsoon,"S - R - S - m, m - P, P - n - D - N - S'","S' - D - n - m - P, P(D) - P - m, S - R - S",True,False,True,False,False,True,False,True,False,True,True,True,MASTER_COMBINED_RAW.csv,,,,,,,7,0.0,6.0,1.0
"Kedar, Shyam",https://raagtime.com/ragas/kedar-shyam,21-24,"S - R - S - m, R - M, P, D - N - S'","S' - N - D - P, D - n - D - P - m - R - S",True,False,True,False,False,True,True,True,False,True,True,True,MASTER_COMBINED_RAW.csv,,,,,,,8,1.0,6.0,1.0
Khamaj,https://raagtime.com/ragas/khamaj,18-21,S - G - m - P - D - N - S',S' - n - D - P - m - G - R - S,True,False,True,False,True,True,False,True,False,True,True,True,MASTER_COMBINED_RAW.csv,,,,,,,8,0.0,7.0,1.0
"Khamaj, Manjh",https://raagtime.com/ragas/khamaj-manjh,24-03,"S - R - G - P - m, G - m - P - D - n - D, P - D - N - S'","S' - n - D - P - m, G - R - G - P - m, G - R - S",True,False,True,False,True,True,False,True,False,True,True,True,MASTER_COMBINED_RAW.csv,,,,,,,8,0.0,7.0,1.0
Khambavati,https://raagtime.com/ragas/khambavati,21-24,S - R - m - P - D - S',"S - n - D - P, D - m - (P)G - (m)S",True,False,True,False,True,True,False,True,False,True,True,False,MASTER_COMBINED_RAW.csv,,,,,,,7,0.0,6.0,1.0
Khat,https://raagtime.com/ragas/khat,09-12,"R - 'n - S - (m)g, m - P, (n)d - n - S'","R' - S' - n - D - P, (n)m - P - (m)g - m - R - S",True,False,True,True,False,True,False,True,True,True,True,False,MASTER_COMBINED_RAW.csv,,,,,,,8,0.0,5.0,3.0
Khokhar,https://raagtime.com/ragas/khokhar,09-12,"S - R - P - m,  n - D - P, m - P - D - S'","S' - n - D - P,  D - n - P, m - G - R - g - R - S",True,False,True,True,True,True,False,True,False,True,True,False,MASTER_COMBINED_RAW.csv,,,,,,,8,0.0,6.0,2.0
Kirwani,https://raagtime.com/ragas/kirwani,Monsoon,S - R - g - m - P - d - N - S',S' - N - d - P - m - g - R - S,True,False,True,True,False,True,False,True,True,False,False,True,MASTER_COMBINED_RAW.csv,,,,,,,7,0.0,5.0,2.0
Kohal,https://raagtime.com/ragas/kohal,21-24,"S - R - g, P - N - S'","S' - n - P, g - R - g - R - S",True,False,True,True,False,False,False,True,False,False,True,True,MASTER_COMBINED_RAW.csv,,,,,,,6,0.0,4.0,2.0
Kolahal,https://raagtime.com/ragas/kolahal,06-09,S - R - G - m - P - N - D - N - S',S' - N - P - D - m - G - R - S,True,False,True,False,True,True,False,True,False,True,False,True,MASTER_COMBINED_RAW.csv,,,,,,,7,0.0,7.0,0.0
Kolhaas,https://raagtime.com/ragas/kolhaas,15-18,S - R - g - P - D - n - S',S' - n - D - P - g - R - S,True,False,True,True,False,False,False,True,False,True,True,False,MASTER_COMBINED_RAW.csv,,,,,,,6,0.0,4.0,2.0
Koumari,https://raagtime.com/ragas/koumari,18-21,S - r - G - M - P - N - S',S' - N - P - M - G - r - S,True,True,False,False,True,False,True,True,False,False,False,True,MASTER_COMBINED_RAW.csv,,,,,,,6,1.0,4.0,1.0
Kripavati,https://raagtime.com/ragas/kripavati,09-12,S - R - g - P - d - S',S' - n - d - P - d - m - g - R - S,True,False,True,True,False,True,False,True,True,False,True,False,MASTER_COMBINED_RAW.csv,,,,,,,7,0.0,4.0,3.0
Kumudaki,https://raagtime.com/ragas/kumudaki,21-24,S - R - G - M - N - S',S' - N - M - G - R - S,True,False,True,False,True,False,True,False,False,False,False,True,MASTER_COMBINED_RAW.csv,,,,,,,5,1.0,4.0,0.0
Lajwanti,https://raagtime.com/ragas/lajwanti,24-03,"'N - S, G - R, m - G, P - D - m - P - S'","S' - P, D - m, P - G, m - P - R - S",True,False,True,False,True,True,False,True,False,True,False,True,MASTER_COMBINED_RAW.csv,,,,,,,7,0.0,7.0,0.0
Lalit,https://raagtime.com/ragas/lalit,03-06,"'N - r - G - m - M - m, - G - M - d - N - S'",S' - N - d - M - m - G - r - S,True,True,False,False,True,True,True,False,True,False,False,True,MASTER_COMBINED_RAW.csv,,,,,,,7,1.0,4.0,2.0
Lalitavari,https://raagtime.com/ragas/lalitavari,18-21,"N - r - G - m, M - m - G, M - D - N - S'","S' - N - R' - N - D, M - D - M - m - G, r - G - M - G - r - S",True,True,True,False,True,True,True,False,False,True,False,True,MASTER_COMBINED_RAW.csv,,,,,,,8,1.0,6.0,1.0
Lalitkali,https://raagtime.com/ragas/lalitkali,03-06,"'N - r - G - m, M - m, G - P, d - n - d - P, M - d, S'","r' - N - d - P, G - M - m - G, M - G - r - S'",True,True,False,False,True,True,True,True,True,False,True,True,MASTER_COMBINED_RAW.csv,,,,,,,9,1.0,5.0,3.0
Lalit Mangal,https://raagtime.com/ragas/lalit-mangal,06-09,S - m - P - D - N - S',r' - N - d - P - M - G - r - S,True,True,False,False,True,True,True,True,True,True,False,True,MASTER_COMBINED_RAW.csv,,,,,,,9,1.0,6.0,2.0
Lalit Pancham,https://raagtime.com/ragas/lalit-pancham,06-09,"N - r - G - m, M - G, M - d - N - S'","S' - N - d, M - d - M - m - G, P - G - r - S",True,True,False,False,True,True,True,True,True,False,False,True,MASTER_COMBINED_RAW.csv,,,,,,,8,1.0,5.0,2.0
Lankeshree,https://raagtime.com/ragas/lankeshree,21-24,"S - R - G - m, D - P, D - n - S'",R' - N - S' - n - D - P - m - G - R - S,True,False,True,False,True,True,False,True,False,True,True,True,MASTER_COMBINED_RAW.csv,,,,,,,8,0.0,7.0,1.0
Latika,https://raagtime.com/ragas/latika,15-18,"S - R - G, P - d - N - S'",S' - N - d - P - G - R - S,True,False,True,False,True,False,False,True,True,False,False,True,MASTER_COMBINED_RAW.csv,,,,,,,6,0.0,5.0,1.0
Maand,https://raagtime.com/ragas/maand,18-21,S - G - m - P - D - N - S',"S' - N - D - P - D, P - N - D - P, G - m - G - R - S",True,False,True,False,True,True,False,True,False,True,False,True,MASTER_COMBINED_RAW.csv,,,,,,,7,0.0,7.0,0.0
Madhukauns,https://raagtime.com/ragas/madhukauns,21-24,S - g - M - P - n - S',S' - n - P - M - g - S,True,False,False,True,False,False,True,True,False,False,True,False,MASTER_COMBINED_RAW.csv,,,,,,,5,1.0,2.0,2.0
Madhuranjani,https://raagtime.com/ragas/madhuranjani,21-24,'N - S - g - m - P - N - S',S' - N - P - m - g - R - S,True,False,True,True,False,True,False,True,False,False,False,True,MASTER_COMBINED_RAW.csv,,,,,,,6,0.0,5.0,1.0
Madhuri,https://raagtime.com/ragas/madhuri,24-03,"S - g, P - N - S'","S' - n, P - G, P - m, 'n - S",True,False,False,True,True,True,False,True,False,False,True,True,MASTER_COMBINED_RAW.csv,,,,,,,7,0.0,5.0,2.0
Madhuvanti,https://raagtime.com/ragas/madhuvanti,12-15,'N - S - g - M - P - N - S',S' - N - D - P - M - g - R - S,True,False,True,True,False,False,True,True,False,True,False,True,MASTER_COMBINED_RAW.csv,,,,,,,7,1.0,5.0,1.0
Malagunji,https://raagtime.com/ragas/malagunji,09-12,S - R - G - m - D - N - S',"S' - n - D - P - m - G, m - g - R - S",True,False,True,True,True,True,False,True,False,True,True,True,MASTER_COMBINED_RAW.csv,,,,,,,9,0.0,7.0,2.0
Malani,https://raagtime.com/ragas/malani,06-09,S - r - g - m - P - S',S' - n - d - m - g - r - S,True,True,False,True,False,True,False,True,True,False,True,False,MASTER_COMBINED_RAW.csv,,,,,,,7,0.0,3.0,4.0
Malarani,https://raagtime.com/ragas/malarani,18-21,"S, R - M - P, N - S'","N - S' - D - P, R - M - P, G - R - S",True,False,True,False,True,False,True,True,False,True,False,True,MASTER_COMBINED_RAW.csv,,,,,,,7,1.0,6.0,0.0
Malashree,https://raagtime.com/ragas/malashree,18-21,S - G - P - N - S,"S - (N)P - (M)(G), P - G - S",True,False,False,False,True,False,True,True,False,False,False,True,MASTER_COMBINED_RAW.csv,,,,,,,5,1.0,4.0,0.0
Malavi,https://raagtime.com/ragas/malavi,18-21,"S - r - G - M - P, M - D - S'","S' - N - P - M, G - r - S",True,True,False,False,True,False,True,True,False,True,False,True,MASTER_COMBINED_RAW.csv,,,,,,,7,1.0,5.0,1.0
Malayamarutam,https://raagtime.com/ragas/malayamarutam,06-09,S - G - P - D - n - S',S' - n - D - P - G - r - S,True,True,False,False,True,False,False,True,False,True,True,False,MASTER_COMBINED_RAW.csv,,,,,,,6,0.0,4.0,2.0
"Malhar, Charju Ki",https://raagtime.com/ragas/malhar-charju-ki,Monsoon,"S - m - R - P, n - N - S'","S' - P - D - P, (m)g - (m)g - m - P - m - m\R - S",True,False,True,True,False,True,False,True,False,True,True,True,MASTER_COMBINED_RAW.csv,,,,,,,8,0.0,6.0,2.0
"Malhar, Des",https://raagtime.com/ragas/malhar-des,06-09,S - R - m - P - N - S',S' - D - n - P - m - P - (m)g - (m)g - m - R - S,True,False,True,True,False,True,False,True,False,True,True,True,MASTER_COMBINED_RAW.csv,,,,,,,8,0.0,6.0,2.0
"Malhar, Dhulia",https://raagtime.com/ragas/malhar-dhulia,Monsoon,"S - (m)R - P, n - D - N - S'","S' - n - D - P, m - R, (m)g - (m)g - m - P - m - m\R - S",True,False,True,True,False,True,False,True,False,True,True,True,MASTER_COMBINED_RAW.csv,,,,,,,8,0.0,6.0,2.0
"Malhar, Gaud",https://raagtime.com/ragas/malhar-gaud,Monsoon,"S - R - G - m - R - P, m - P - n - D - N - S'",S' - D - n - P - m - P - m - R - G - R - S,True,False,True,False,True,True,False,True,False,True,True,True,MASTER_COMBINED_RAW.csv,,,,,,,8,0.0,7.0,1.0
"Malhar, Jayant",https://raagtime.com/ragas/malhar-jayant,21-24,S - (m)R - P - n - D - N - S',"S' - (S')D - n - m - P, (D)P - m - G - R, g - R - S - 'N - S - (S)'D - 'n - R - S",True,False,True,True,True,True,False,True,False,True,True,True,MASTER_COMBINED_RAW.csv,,,,,,,9,0.0,7.0,2.0
"Malhar, Meera",https://raagtime.com/ragas/malhar-meera,Monsoon,"S - (m)R - P, n - D - N - S'","S' - R' - (n)d - (n)d - n - P, m - P, (m)g - (m)g - m - R - S",True,False,True,True,False,True,False,True,True,True,True,True,MASTER_COMBINED_RAW.csv,,,,,,,9,0.0,6.0,3.0
"Malhar, Megh",https://raagtime.com/ragas/malhar-megh,Monsoon,"S, m - R, m - P, n - N - S'","S' - n - P, m - R, m - 'N - R - S",True,False,True,False,False,True,False,True,False,False,True,True,MASTER_COMBINED_RAW.csv,,,,,,,6,0.0,5.0,1.0
"Malhar, Miyan",https://raagtime.com/ragas/malhar-miyan,Monsoon,"S - m - R - P, - m - P - n - D - N - S'",S' - D - n - P - m - P - (m)g~ - m - R - S,True,False,True,True,False,True,False,True,False,True,True,True,MASTER_COMBINED_RAW.csv,,,,,,,8,0.0,6.0,2.0
"Malhar, Nanak",https://raagtime.com/ragas/malhar-nanak,Monsoon,'N - S - R - g - m - P - n - N - S',S' - n - P - m - g - R - g - m - g - R - S,True,False,True,True,False,True,False,True,False,False,True,True,MASTER_COMBINED_RAW.csv,,,,,,,7,0.0,5.0,2.0
"Malhar, Nat",https://raagtime.com/ragas/malhar-nat,21-24,"S - (G)R - G - m, m - R - P, n - D - N - S'","S' - D - n - P - m, G - R - R - G - G - m - R - S",True,False,True,False,True,True,False,True,False,True,True,True,MASTER_COMBINED_RAW.csv,,,,,,,8,0.0,7.0,1.0
"Malhar, Ramdasi",https://raagtime.com/ragas/malhar-ramdasi,Monsoon,S - R - P - G - m - P - n - N - S',S' - D - n - m - P - D - P - m - G - m - P - (m)g(m)g - m - R - S,True,False,True,True,True,True,False,True,False,True,True,True,MASTER_COMBINED_RAW.csv,,,,,,,9,0.0,7.0,2.0
"Malhar, Sur",https://raagtime.com/ragas/malhar-sur,Monsoon,S - R - m - P - n - D - m - P - N - S',S' - n - D - m - P - n - D - P - m - R - S,True,False,True,False,False,True,False,True,False,True,True,True,MASTER_COMBINED_RAW.csv,,,,,,,7,0.0,6.0,1.0
Maligaura,https://raagtime.com/ragas/maligaura,18-21,"S - r - 'N - 'd - 'N, r - G, M - G, M - P - N - S'","S' - r' - N, d - P, N - (d)M, G, M - 'N - r - S",True,True,False,False,True,False,True,True,True,False,False,True,MASTER_COMBINED_RAW.csv,,,,,,,7,1.0,4.0,2.0
Malin,https://raagtime.com/ragas/malin,18-21,'N - S - G - P - N - D - S',S' - N - D - P - G - P - G - r - S,True,True,False,False,True,False,False,True,False,True,False,True,MASTER_COMBINED_RAW.csv,,,,,,,6,0.0,5.0,1.0
Malkauns,https://raagtime.com/ragas/malkauns,24-03,S - g - m - d - n - S',S' - n - d - m - g - S,True,False,False,True,False,True,False,False,True,False,True,False,MASTER_COMBINED_RAW.csv,,,,,,,5,0.0,2.0,3.0
"Malkauns, Pancham",https://raagtime.com/ragas/malkauns-pancham,24-03,S - g - m - d - n - S',S' - n - d - n - d - m - P - g - m - g - S,True,False,False,True,False,True,False,True,True,False,True,False,MASTER_COMBINED_RAW.csv,,,,,,,6,0.0,3.0,3.0
"Malkauns, Sampoorna",https://raagtime.com/ragas/malkauns-sampoorna,24-03,S - (m)g - m - (n)d - n - S',"S' - n - (n)d - m - (m)g, m - P - m - g, (S)'n - R - S",True,False,True,True,False,True,False,True,True,False,True,False,MASTER_COMBINED_RAW.csv,,,,,,,7,0.0,4.0,3.0
Manjiri,https://raagtime.com/ragas/manjiri,24-03,S - G - m - P - d - N - S',S' - N - d - P - M - G - r - S,True,True,False,False,True,True,True,True,True,False,False,True,MASTER_COMBINED_RAW.csv,,,,,,,8,1.0,5.0,2.0
"Manjiri, Hauns",https://raagtime.com/ragas/manjiri-hauns,06-09,"S, R - m - P - D, n - S'","S' - D - P, m - P - D - P - m, R - 'n - S",True,False,True,False,False,True,False,True,False,True,True,False,MASTER_COMBINED_RAW.csv,,,,,,,6,0.0,5.0,1.0
"Manjiri, Pat",https://raagtime.com/ragas/manjiri-pat,12-15,S - R - G - m - P - D - N - S',"S' - n - D - P, m - g - R = S",True,False,True,True,True,True,False,True,False,True,True,True,MASTER_COMBINED_RAW.csv,,,,,,,9,0.0,7.0,2.0
"Manjiri, Rudra",https://raagtime.com/ragas/manjiri-rudra,09-12,S - R - G - m - P - n - d - n - D - P - S',S' - R' - n - d - P - m - P - g - R - g - m - S,True,False,True,True,True,True,False,True,True,True,True,False,MASTER_COMBINED_RAW.csv,,,,,,,9,0.0,6.0,3.0
Manohar,https://raagtime.com/ragas/manohar,18-21,S - r - G - M - d - S',S' - r' - N - d - P - G - M - G - r - S,True,True,False,False,True,False,True,True,True,False,False,True,MASTER_COMBINED_RAW.csv,,,,,,,7,1.0,4.0,2.0
"Manohari, Amba",https://raagtime.com/ragas/manohari-amba,09-12,S - R - g - m - D - N - S',S' - N - D - m - g - R - S,True,False,True,True,False,True,False,False,False,True,False,True,MASTER_COMBINED_RAW.csv,,,,,,,6,0.0,5.0,1.0
"Manohari, Kamal",https://raagtime.com/ragas/manohari-kamal,06-09,S - G - m - P - d - N - S',S' - N - d - P - m - G - S,True,False,False,False,True,True,False,True,True,False,False,True,MASTER_COMBINED_RAW.csv,,,,,,,6,0.0,5.0,1.0
Maru,https://raagtime.com/ragas/maru,15-18,S - r - G - m - M - P - d - N - S',S' - N - d - P - M - m - G - R - S,True,True,True,False,True,True,True,True,True,False,False,True,MASTER_COMBINED_RAW.csv,,,,,,,9,1.0,6.0,2.0
Maru Bihag,https://raagtime.com/ragas/maru-bihag,15-18,"N - S - G - M - P - m - G, M - P - N - S'","S' - N - D - P - M - G, M - G - R - S",True,False,True,False,True,True,True,True,False,True,False,True,MASTER_COMBINED_RAW.csv,,,,,,,8,1.0,7.0,0.0
Marwa,https://raagtime.com/ragas/marwa,15-18,'N - r - G - M - D - N - D - S',S' - N - D - M - G - r - S,True,True,False,False,True,False,True,False,False,True,False,True,MASTER_COMBINED_RAW.csv,,,,,,,6,1.0,4.0,1.0
Megh,https://raagtime.com/ragas/megh,Monsoon,S - m - R~ - P - m - P - n - S',S' - n - P - m - R~ - S,True,False,True,False,False,True,False,True,False,False,True,False,MASTER_COMBINED_RAW.csv,,,,,,,5,0.0,4.0,1.0
Mevada,https://raagtime.com/ragas/mevada,03-06,S - R - G - m - P - D - N - S',S - N - D - P - m - G - R - S,True,False,True,False,True,True,False,True,False,True,False,True,MASTER_COMBINED_RAW.csv,,,,,,,7,0.0,7.0,0.0
"Mohini, Ahi",https://raagtime.com/ragas/mohini-ahi,21-24,S - r - G - m - P - D - n - S',S' - n - d - P - m - g - R - S,True,True,True,True,True,True,False,True,True,True,True,False,MASTER_COMBINED_RAW.csv,,,,,,,10,0.0,6.0,4.0
"Mohini, Chitta",https://raagtime.com/ragas/mohini-chitta,12-15,"S, R - G - m - P, D - N - S'","S', N - P, m - R, S",True,False,True,False,True,True,False,True,False,True,False,True,MASTER_COMBINED_RAW.csv,,,,,,,7,0.0,7.0,0.0
Motaki,https://raagtime.com/ragas/motaki,18-21,'n - S - g - m - P - D - n - S',S' - d - n - P - D - g - m - r - S,True,True,False,True,False,True,False,True,True,True,True,False,MASTER_COMBINED_RAW.csv,,,,,,,8,0.0,4.0,4.0
Multani,https://raagtime.com/ragas/multani,15-18,'N - S - g - M - P - N - S',S' - N - d - P - M - g - r - S,True,True,False,True,False,False,True,True,True,False,False,True,MASTER_COMBINED_RAW.csv,,,,,,,7,1.0,3.0,3.0
Naat Kuranjika,https://raagtime.com/ragas/naat-kuranjika,09-12,"'n - S, G - m, D - n - S'","R - n - S' - D - m, G - m - r - S",True,True,True,False,True,True,False,False,False,True,True,False,MASTER_COMBINED_RAW.csv,,,,,,,7,0.0,5.0,2.0
Nand,https://raagtime.com/ragas/nand,21-24,S - G - m - P - D - N - P - D - M - P - S',"S' - N - D - P - M - P, D - P - G - m - P - R - S",True,False,True,False,True,True,True,True,False,True,False,True,MASTER_COMBINED_RAW.csv,,,,,,,8,1.0,7.0,0.0
Narayani,https://raagtime.com/ragas/narayani,21-24,S - R - m - P - D - n - D - S',S' - n - D - P - m - R - S,True,False,True,False,False,True,False,True,False,True,True,False,MASTER_COMBINED_RAW.csv,,,,,,,6,0.0,5.0,1.0
"Nat, Shuddha",https://raagtime.com/ragas/nat-shuddha,21-24,S - R - G - m - P - D - N - S',S' - N - P - m - R - S,True,False,True,False,True,True,False,True,False,True,False,True,MASTER_COMBINED_RAW.csv,,,,,,,7,0.0,7.0,0.0
Nilambari,https://raagtime.com/ragas/nilambari,21-24,S - R - m - P - D - S',R' - n - D - P - m - G - g - R - 'N - S - 'D - 'n - g - R,True,False,True,True,True,True,False,True,False,True,True,True,MASTER_COMBINED_RAW.csv,,,,,,,9,0.0,7.0,2.0
Nupur,https://raagtime.com/ragas/nupur,24-03,"S - R - P, n - N - S'","S' - n - P, G - m, R - S",True,False,True,False,True,True,False,True,False,False,True,True,MASTER_COMBINED_RAW.csv,,,,,,,7,0.0,6.0,1.0
Pahadi,https://raagtime.com/ragas/pahadi,18-21,'P - 'D - S - R - G - P - D - S',S' - N - D - P - m - G - R - s - 'n - 'd - 'P - 'd - S,True,False,True,False,True,True,False,True,True,True,True,True,MASTER_COMBINED_RAW.csv,,,,,,,9,0.0,7.0,2.0
Pancham,https://raagtime.com/ragas/pancham,18-21,S - m - G - M - D - N - D - N - M - D - S',S' - N - D - M - D - M - G - r - S,True,True,False,False,True,True,True,False,False,True,False,True,MASTER_COMBINED_RAW.csv,,,,,,,7,1.0,5.0,1.0
Paraj,https://raagtime.com/ragas/paraj,24-03,"'N - S - G, M - P - d - N - S'","S' - N - d - P, M - P - d - P, m - G - r - S",True,True,False,False,True,True,True,True,True,False,False,True,MASTER_COMBINED_RAW.csv,,,,,,,8,1.0,5.0,2.0
Patadeep,https://raagtime.com/ragas/patadeep,12-15,'N - S - g - m - P - N - S',S' - N - D - P - m - g - R - S,True,False,True,True,False,True,False,True,False,True,False,True,MASTER_COMBINED_RAW.csv,,,,,,,7,0.0,6.0,1.0
Patdipaki,https://raagtime.com/ragas/patdipaki,12-15,S - G - m - P - N - S',S' - N - D - P - m - G - m - P - g - R - S,True,False,True,True,True,True,False,True,False,True,False,True,MASTER_COMBINED_RAW.csv,,,,,,,8,0.0,7.0,1.0
Pilu,https://raagtime.com/ragas/pilu,15-18,'N - S - g - m - P - N - S',S' - N - S' - n - D - P - m - G - m - P - (m)g - R - S - N - S,True,False,True,True,True,True,False,True,False,True,True,True,MASTER_COMBINED_RAW.csv,,,,,,,9,0.0,7.0,2.0
Poorvi,https://raagtime.com/ragas/poorvi,15-18,'N - r - G - M - d - N - S',"S' - N - d - P - M - G - m - r - G, M - G - r - S",True,True,False,False,True,True,True,True,True,False,False,True,MASTER_COMBINED_RAW.csv,,,,,,,8,1.0,5.0,2.0
"Prabha, Kumud",https://raagtime.com/ragas/prabha-kumud,15-18,S - r - G - d - N - S',S' - P - M - G - 'N - S,True,True,False,False,True,False,True,True,True,False,False,True,MASTER_COMBINED_RAW.csv,,,,,,,7,1.0,4.0,2.0
Prabhavati,https://raagtime.com/ragas/prabhavati,06-09,S - r - G - P - d - N - S',S' - N - d - P - G - r - S,True,True,False,False,True,False,False,True,True,False,False,True,MASTER_COMBINED_RAW.csv,,,,,,,6,0.0,4.0,2.0
Puriya,https://raagtime.com/ragas/puriya,15-18,'N - r - G - M - D - N - r' - S',"r' - N - D - M - G, M - G - r - S",True,True,False,False,True,False,True,False,False,True,False,True,MASTER_COMBINED_RAW.csv,,,,,,,6,1.0,4.0,1.0
Pushp,https://raagtime.com/ragas/pushp,21-24,S - R - g - m - g - P - D - S',"S' - D - P, g - m - g, R - S",True,False,True,True,False,True,False,True,False,True,False,False,MASTER_COMBINED_RAW.csv,,,,,,,6,0.0,5.0,1.0
Rageshree,https://raagtime.com/ragas/rageshree,21-24,'n - S - G - m - D - n - S',S' - n - D - m - G - R - S,True,False,True,False,True,True,False,False,False,True,True,False,MASTER_COMBINED_RAW.csv,,,,,,,6,0.0,5.0,1.0
Rajeshwari,https://raagtime.com/ragas/rajeshwari,18-21,S - g - m - D - N - S',S' - N - D - m - g - S,True,False,False,True,False,True,False,False,False,True,False,True,MASTER_COMBINED_RAW.csv,,,,,,,5,0.0,4.0,1.0
Rakta Hauns,https://raagtime.com/ragas/rakta-hauns,09-12,S - R - m - P - D - S',S' - n - P - m - R - S,True,False,True,False,False,True,False,True,False,True,True,False,MASTER_COMBINED_RAW.csv,,,,,,,6,0.0,5.0,1.0
Ramkali,https://raagtime.com/ragas/ramkali,06-09,"S - r - G - m - P, G - m - d - N - S'","S' - N - d - P - M - P, d - (N)d - P, G - m - r - S",True,True,False,False,True,True,True,True,True,False,False,True,MASTER_COMBINED_RAW.csv,,,,,,,8,1.0,5.0,2.0
"Ranjani, Dev",https://raagtime.com/ragas/ranjani-dev,06-09,"S - m, m - P - (n)d - (n)d - S'","S' - (n)d - (n)d - P - d - m, m - S",True,False,False,False,False,True,False,True,True,False,True,False,MASTER_COMBINED_RAW.csv,,,,,,,5,0.0,3.0,2.0
"Ranjani, Gou",https://raagtime.com/ragas/ranjani-gou,21-24,N - S - G - M - P - N - S',S' - N - d - P - M - G - r - S,True,True,False,False,True,False,True,True,True,False,False,True,MASTER_COMBINED_RAW.csv,,,,,,,7,1.0,4.0,2.0
"Ranjani, Jan",https://raagtime.com/ragas/ranjani-jan,21-24,"S, R - G - m - P, N - S'","S' - D - P - m, R - G - m, P - m - R - S",True,False,True,False,True,True,False,True,False,True,False,True,MASTER_COMBINED_RAW.csv,,,,,,,7,0.0,7.0,0.0
"Ranjani, Kaam",https://raagtime.com/ragas/ranjani-kaam,09-12,S - r - g - r - M - P - d - N - S',S' - N - d - M - g - r - g - S,True,True,False,True,False,False,True,True,True,False,False,True,MASTER_COMBINED_RAW.csv,,,,,,,7,1.0,3.0,3.0
"Ranjani, Kamal",https://raagtime.com/ragas/ranjani-kamal,06-09,S - G - P - D - N - S',S' - N - D - n - P - m - G - S,True,False,False,False,True,True,False,True,False,True,True,True,MASTER_COMBINED_RAW.csv,,,,,,,7,0.0,6.0,1.0
"Ranjani, Kusum",https://raagtime.com/ragas/ranjani-kusum,21-24,S - r - M - P - d - N - S',S' - N - d - N - P - M - G - r - S,True,True,False,False,True,False,True,True,True,False,False,True,MASTER_COMBINED_RAW.csv,,,,,,,7,1.0,4.0,2.0
"Ranjani, Megh",https://raagtime.com/ragas/ranjani-megh,03-06,"'N - r - G, m, N - S'","r' - S', N - m, G, m - r - G - r - S",True,True,False,False,True,True,False,False,False,False,False,True,MASTER_COMBINED_RAW.csv,,,,,,,5,0.0,4.0,1.0
"Ranjani, Pushp",https://raagtime.com/ragas/ranjani-pushp,24-03,"S - r, G - m, M - P - N - S'",S' - N - P - m - M - m - r - S,True,True,False,False,True,True,True,True,False,False,False,True,MASTER_COMBINED_RAW.csv,,,,,,,7,1.0,5.0,1.0
"Ranjani, Raag",https://raagtime.com/ragas/ranjani-raag,21-24,S - G - m - D - n - D - S',"R' - S - n - D - P, m - G, m - g - R - 'N - S",True,False,True,True,True,True,False,True,False,True,True,True,MASTER_COMBINED_RAW.csv,,,,,,,9,0.0,7.0,2.0
"Ranjani, Ras",https://raagtime.com/ragas/ranjani-ras,24-03,S - R - m - D - N - S',"S', N, D, m, D - m - R - S",True,False,True,False,False,True,False,False,False,True,False,True,MASTER_COMBINED_RAW.csv,,,,,,,5,0.0,5.0,0.0
"Ranjani, Saraswat",https://raagtime.com/ragas/ranjani-saraswat,21-24,"'N - S, g - M - P - N - S'","S' - n, D - P, M - g, R - S'",True,False,True,True,False,False,True,True,False,True,True,True,MASTER_COMBINED_RAW.csv,,,,,,,8,1.0,5.0,2.0
"Ranjani, Shree",https://raagtime.com/ragas/ranjani-shree,24-03,S - g - m - D - n - S',S' - n - D - m - g - R - S,True,False,True,True,False,True,False,False,False,True,True,False,MASTER_COMBINED_RAW.csv,,,,,,,6,0.0,4.0,2.0
"Ranjani, Yash",https://raagtime.com/ragas/ranjani-yash,24-03,S - r - M - P - d - S',S' - D - P - M - r - S,True,True,False,False,False,False,True,True,True,True,False,False,MASTER_COMBINED_RAW.csv,,,,,,,6,1.0,3.0,2.0
Ras Chandra,https://raagtime.com/ragas/ras-chandra,06-09,"S - R - S, G - m - M, M - D - M - S'","R' - S', D - M - m, G - m - R - S",True,False,True,False,True,True,True,False,False,True,False,False,MASTER_COMBINED_RAW.csv,,,,,,,6,1.0,5.0,0.0
Ratnadeep,https://raagtime.com/ragas/ratnadeep,18-21,S - G - M - P - N - S',S' - D - P - M - G - r - S,True,True,False,False,True,False,True,True,False,True,False,True,MASTER_COMBINED_RAW.csv,,,,,,,7,1.0,5.0,1.0
Ravikosh,https://raagtime.com/ragas/ravikosh,21-24,S - G - m - D - n - S',S' - n - D - m - R - g - R - S,True,False,True,True,True,True,False,False,False,True,True,False,MASTER_COMBINED_RAW.csv,,,,,,,7,0.0,5.0,2.0
Reva,https://raagtime.com/ragas/reva,18-21,"S - r - G, P - d - P - S'",S' - d - P - G - r - S,True,True,False,False,True,False,False,True,True,False,False,False,MASTER_COMBINED_RAW.csv,,,,,,,5,0.0,3.0,2.0
Revati,https://raagtime.com/ragas/revati,06-09,"S, R - m - P, D - m - P, S'","S' - D - n - P, m - P, m - g - m - R - S",True,False,True,True,False,True,False,True,False,True,True,False,MASTER_COMBINED_RAW.csv,,,,,,,7,0.0,5.0,2.0
Rupeshwari,https://raagtime.com/ragas/rupeshwari,21-24,S - G - m - D - n - S',S' - n - D - m - G - S,True,False,False,False,True,True,False,False,False,True,True,False,MASTER_COMBINED_RAW.csv,,,,,,,5,0.0,4.0,1.0
Saajgiri,https://raagtime.com/ragas/saajgiri,18-21,"N - r - G, M - G, M - P - d - P, m - N - D - S'","S' - N - r' - N - d - P, P - D - G, M - D - G, M - G - r - S",True,True,False,False,True,True,True,True,True,True,False,True,MASTER_COMBINED_RAW.csv,,,,,,,9,1.0,6.0,2.0
"Sakh, Bhav",https://raagtime.com/ragas/sakh-bhav,06-09,"S, m - m, D - P - D, S', N - R' - S'","S' - N - D - N - D - P, G - R, 'N - R - S",True,False,True,False,True,True,False,True,False,True,False,True,MASTER_COMBINED_RAW.csv,,,,,,,7,0.0,7.0,0.0
"Sakh, Dev",https://raagtime.com/ragas/sakh-dev,09-12,S - m -  R -  (P)m - N - P - S',S' - n - P - m - P - (m)g - m - R - S,True,False,True,True,False,True,False,True,False,False,True,True,MASTER_COMBINED_RAW.csv,,,,,,,7,0.0,5.0,2.0
"Sakh, Lachchha",https://raagtime.com/ragas/sakh-lachchha,06-09,"S - G - R - G - P - m, P - (N)D - N - S'","S' - D - n - P - m, G - P - m - G - R - S",True,False,True,False,True,True,False,True,False,True,True,True,MASTER_COMBINED_RAW.csv,,,,,,,8,0.0,7.0,1.0
Sameri,https://raagtime.com/ragas/sameri,09-12,S - R - m - P - n - S',S' - n - d - P - m - g - R - S,True,False,True,True,False,True,False,True,True,False,True,False,MASTER_COMBINED_RAW.csv,,,,,,,7,0.0,4.0,3.0
"Sarang, Badhans",https://raagtime.com/ragas/sarang-badhans,12-15,"S - R - m, R - m - P, N - S'","S - n - P - m - (D)P - m - R, R - 'N - S",True,False,True,False,False,True,False,True,False,True,True,True,MASTER_COMBINED_RAW.csv,,,,,,,7,0.0,6.0,1.0
"Sarang, Gaud",https://raagtime.com/ragas/sarang-gaud,12-15,S - G - R - m - G - P - M - D - P - N - D - S',"S' - D - N - P - D - M - P - G, m - R - P - R - S",True,False,True,False,True,True,True,True,False,True,False,True,MASTER_COMBINED_RAW.csv,,,,,,,8,1.0,7.0,0.0
"Sarang, Lankadahan",https://raagtime.com/ragas/sarang-lankadahan,12-15,"S - R - m - P, n - P, N - S'","S' - D - n - P, m - P - (m)g - (m)g - m - R - S",True,False,True,True,False,True,False,True,False,True,True,True,MASTER_COMBINED_RAW.csv,,,,,,,8,0.0,6.0,2.0
"Sarang, Madhmaad",https://raagtime.com/ragas/sarang-madhmaad,09-12,S - R - m - P - n - S',"S' - n - P - m - R - m - R, 'n - S",True,False,True,False,False,True,False,True,False,False,True,False,MASTER_COMBINED_RAW.csv,,,,,,,5,0.0,4.0,1.0
"Sarang, Miyan Ki",https://raagtime.com/ragas/sarang-miyan-ki,09-12,"'D - 'N - S, R, P - D - N - S'","S', n - D, S, n - P, m - R - S",True,False,True,False,False,True,False,True,False,True,True,True,MASTER_COMBINED_RAW.csv,,,,,,,7,0.0,6.0,1.0
"Sarang, Poorvi",https://raagtime.com/ragas/sarang-poorvi,18-21,"S - r, G - M - P - d - N - S'",S' - N - d - P - M - P - M - G - r - G - S,True,True,False,False,True,False,True,True,True,False,False,True,MASTER_COMBINED_RAW.csv,,,,,,,7,1.0,4.0,2.0
"Sarang, Samant",https://raagtime.com/ragas/sarang-samant,12-15,S - R - m - P - N - S',"S' - n - D - P - m - R, m - R - 'N - S",True,False,True,False,False,True,False,True,False,True,True,True,MASTER_COMBINED_RAW.csv,,,,,,,7,0.0,6.0,1.0
"Sarang, Shuddha",https://raagtime.com/ragas/sarang-shuddha,12-15,S - R - M - P - N - S',"S' - N - D - P - M - P - (m)R, m - R - N - S",True,False,True,False,False,True,True,True,False,True,False,True,MASTER_COMBINED_RAW.csv,,,,,,,7,1.0,6.0,0.0
"Sarang, Vrindavani",https://raagtime.com/ragas/sarang-vrindavani,12-15,S - R - m - P - N - S',S - n - P - m - R - m - R - S - 'N - S,True,False,True,False,False,True,False,True,False,False,True,True,MASTER_COMBINED_RAW.csv,,,,,,,6,0.0,5.0,1.0
Saraswati,https://raagtime.com/ragas/saraswati,18-21,S - R - M - P - D - P - S',"S' - n - D - P, M - P -(P)R - S",True,False,True,False,False,False,True,True,False,True,True,False,MASTER_COMBINED_RAW.csv,,,,,,,6,1.0,4.0,1.0
"Saravali, Naag",https://raagtime.com/ragas/saravali-naag,21-24,"S - G, m - P, D - S'","S' - D - P - m, P - G, m - G - S",True,False,False,False,True,True,False,True,False,True,False,False,MASTER_COMBINED_RAW.csv,,,,,,,5,0.0,5.0,0.0
Saveri,https://raagtime.com/ragas/saveri,06-09,"S - r - m - P, d - S'","S' - N - d - P, m - G - r - S",True,True,False,False,True,True,False,True,True,False,False,True,MASTER_COMBINED_RAW.csv,,,,,,,7,0.0,5.0,2.0
Sawan,https://raagtime.com/ragas/sawan,Monsoon,S - g - P - G - m - P - N - S',"S' - N - D - P - g, m - G - R, S",True,False,True,True,True,True,False,True,False,True,False,True,MASTER_COMBINED_RAW.csv,,,,,,,8,0.0,7.0,1.0
Shankara,https://raagtime.com/ragas/shankara,21-24,S - G - P - N - D - S',"S' - N - (D)P, G - P - (R)G - (R)S",True,False,True,False,True,False,False,True,False,True,False,True,MASTER_COMBINED_RAW.csv,,,,,,,6,0.0,6.0,0.0
Shimendra Madhyam,https://raagtime.com/ragas/shimendra-madhyam,18-21,S - R - g - M - P - d - N - S',S' - N - d - P - M - g - R - S,True,False,True,True,False,False,True,True,True,False,False,True,MASTER_COMBINED_RAW.csv,,,,,,,7,1.0,4.0,2.0
Shivranjani,https://raagtime.com/ragas/shivranjani,21-24,S - R - g - P - D - S',S - D - P - g - R - S,True,False,True,True,False,False,False,True,False,True,False,False,MASTER_COMBINED_RAW.csv,,,,,,,5,0.0,4.0,1.0
Shobhavari,https://raagtime.com/ragas/shobhavari,06-09,"S - (m)R - m - P - d - P, m - P - (n)d - (n)d - S'","S' - (n)d - P, d - m - P, (m)r - (m)r - S",True,True,True,False,False,True,False,True,True,False,True,False,MASTER_COMBINED_RAW.csv,,,,,,,7,0.0,4.0,3.0
Shree,https://raagtime.com/ragas/shree,15-18,"S - r - P, M - P - D - P -  N - S' - r' - S'",S' - r' - N - d - P(M)P - r - G - r - S,True,True,False,False,True,False,True,True,True,True,False,True,MASTER_COMBINED_RAW.csv,,,,,,,8,1.0,5.0,2.0
"Shree, Hauns",https://raagtime.com/ragas/shree-hauns,21-24,S - G - m - P - N - S',"S' - n, m - P, P - G - m - G, S",True,False,False,False,True,True,False,True,False,False,True,True,MASTER_COMBINED_RAW.csv,,,,,,,6,0.0,5.0,1.0
Shreetank,https://raagtime.com/ragas/shreetank,18-21,"S - r - P, P - d - P - S'","S' - N - r - N - d - P - G - r, G - r - S",True,True,False,False,True,False,False,True,True,False,False,True,MASTER_COMBINED_RAW.csv,,,,,,,6,0.0,4.0,2.0
Shreevanti,https://raagtime.com/ragas/shreevanti,06-09,'N - S - g - M - P - N - S',S' - N - P - M - g - r - S,True,True,False,True,False,False,True,True,False,False,False,True,MASTER_COMBINED_RAW.csv,,,,,,,6,1.0,3.0,2.0
Sindhura,https://raagtime.com/ragas/sindhura,Monsoon,S - R - m - P - D - S',R' - N - S' - n - D - P - m - g - R - S,True,False,True,True,False,True,False,True,False,True,True,True,MASTER_COMBINED_RAW.csv,,,,,,,8,0.0,6.0,2.0
Sohoni,https://raagtime.com/ragas/sohoni,03-06,S - G - M - D - N - S',S' - N - D - M - D - G - M - G - r - S,True,True,False,False,True,False,True,False,False,True,False,True,MASTER_COMBINED_RAW.csv,,,,,,,6,1.0,4.0,1.0
Sorath,https://raagtime.com/ragas/sorath,06-09,"S - R, m - P - N, S","S' - R', n - D, m - P - D, m - R - 'N - S",True,False,True,False,False,True,False,True,False,True,True,True,MASTER_COMBINED_RAW.csv,,,,,,,7,0.0,6.0,1.0
Sourashtra Tank,https://raagtime.com/ragas/sourashtra-tank,06-09,"S - r, G - m, P - m, D - S'","S' - N - D - m, N - d - P, m - G - r - S",True,True,False,False,True,True,False,True,True,True,False,True,MASTER_COMBINED_RAW.csv,,,,,,,8,0.0,6.0,2.0
Tanki,https://raagtime.com/ragas/tanki,18-21,"S - r - G - P, d - P - N - S'","S' - N - d - P, M - G, P - G - r - S",True,True,False,False,True,False,True,True,True,False,False,True,MASTER_COMBINED_RAW.csv,,,,,,,7,1.0,4.0,2.0
Tilak Kamod,https://raagtime.com/ragas/tilak-kamod,18-21,S - R - G - S - R - m - P - N - S,S' - n - D - P - D - m - G - S - R - G - S,True,False,True,False,True,True,False,True,False,True,True,True,MASTER_COMBINED_RAW.csv,,,,,,,8,0.0,7.0,1.0
Tilang,https://raagtime.com/ragas/tilang,18-21,S - G - m - P - N - S',S' - n - P - m - G - S,True,False,False,False,True,True,False,True,False,False,True,True,MASTER_COMBINED_RAW.csv,,,,,,,6,0.0,5.0,1.0
"Todi, Anjani",https://raagtime.com/ragas/todi-anjani,09-12,S - R - m - P - n - d - N - S',S' - n - D - P - g - R - S,True,False,True,True,False,True,False,True,True,True,True,True,MASTER_COMBINED_RAW.csv,,,,,,,9,0.0,6.0,3.0
"Todi, Asa",https://raagtime.com/ragas/todi-asa,06-09,S - r - m - P - d - S',S' - n - d - m - r - g - r - S,True,True,False,True,False,True,False,True,True,False,True,False,MASTER_COMBINED_RAW.csv,,,,,,,7,0.0,3.0,4.0
"Todi, Bahaduri",https://raagtime.com/ragas/todi-bahaduri,06-09,"R - 'n - S  - R - g - (S)R - g, m - P - (N)d - S'","S' - r' - n - d - m - g - R, g - (S)R - g, r - S",True,True,True,True,False,True,False,True,True,False,True,True,MASTER_COMBINED_RAW.csv,,,,,,,9,0.0,5.0,4.0
"Todi, Bairagi",https://raagtime.com/ragas/todi-bairagi,06-09,S - r - g - P - n - S',S' - n - P - g - r - S,True,True,False,True,False,False,False,True,False,False,True,False,MASTER_COMBINED_RAW.csv,,,,,,,5,0.0,2.0,3.0
"Todi, Bhupali",https://raagtime.com/ragas/todi-bhupali,09-12,'d - S - r - g - P - d - S',S' - d - P - g - r - S,True,True,False,True,False,False,False,True,True,False,False,False,MASTER_COMBINED_RAW.csv,,,,,,,5,0.0,2.0,3.0
"Todi, Bilaskhani",https://raagtime.com/ragas/todi-bilaskhani,09-12,S - r - g - P - d - S',S' - r' - n - d - m - g - rgr - S,True,True,False,True,False,True,False,True,True,False,True,False,MASTER_COMBINED_RAW.csv,,,,,,,7,0.0,3.0,4.0
"Todi, Chhaya",https://raagtime.com/ragas/todi-chhaya,06-09,S - r - g - M - d - S',S' - d - M - g - r - S,True,True,False,True,False,False,True,False,True,False,False,False,MASTER_COMBINED_RAW.csv,,,,,,,5,1.0,1.0,3.0
"Todi, Darbari",https://raagtime.com/ragas/todi-darbari,06-09,S - r - g - M - d - N - S',S' - n - d - P - M - P - d - n - d - P - M - g - r - g - r - S,True,True,False,True,False,False,True,True,True,False,True,True,MASTER_COMBINED_RAW.csv,,,,,,,8,1.0,3.0,4.0
"Todi, Gauri",https://raagtime.com/ragas/todi-gauri,06-09,"S - r, g - M - P - d - N - S'",S' - N - d - P - M - G - r - S,True,True,False,True,True,False,True,True,True,False,False,True,MASTER_COMBINED_RAW.csv,,,,,,,8,1.0,4.0,3.0
"Todi, Gujari",https://raagtime.com/ragas/todi-gujari,09-12,S - r - g - M - d - N - S',S' - N - d - M - g - r - S,True,True,False,True,False,False,True,False,True,False,False,True,MASTER_COMBINED_RAW.csv,,,,,,,6,1.0,2.0,3.0
"Todi, Hussaini",https://raagtime.com/ragas/todi-hussaini,06-09,"S - R - M - P - D, m - P - N - S'","S' - P - D - MP, g - R - S - 'N - S or R' - n - D - P, MPDP - g, Rg - SR - 'NS",True,True,True,True,False,True,True,True,False,True,True,True,MASTER_COMBINED_RAW.csv,,,,,,,10,1.0,6.0,3.0
"Todi, Jaiwanti",https://raagtime.com/ragas/todi-jaiwanti,06-09,S - r - m - P - D - n - S',S' - n - D - P - m - g - r - S,True,True,False,True,False,True,False,True,False,True,True,False,MASTER_COMBINED_RAW.csv,,,,,,,7,0.0,4.0,3.0
"Todi, Lachari",https://raagtime.com/ragas/todi-lachari,09-12,"S - R - G - (R)G - m, m - P - (n)d - (n)d - P - S'","S', r' - n - D, (n)d - P, m - P - (m)g - (m)g, R - g - m - S",True,True,True,True,True,True,False,True,True,True,True,False,MASTER_COMBINED_RAW.csv,,,,,,,10,0.0,6.0,4.0
"Todi, Laxmi",https://raagtime.com/ragas/todi-laxmi,06-09,"S - 'n - 'P, S, S - R - G - m, m - g - P, (n)d - (n)d - (n) P, (n)d - (n)d - S'","S' - n - S' - r' - S', n - d - P - d - g, m - g - r - S",True,True,True,True,True,True,False,True,True,False,True,False,MASTER_COMBINED_RAW.csv,,,,,,,9,0.0,5.0,4.0
"Todi, Miyan Ki",https://raagtime.com/ragas/todi-miyan-ki,09-12,S - r - g - M - d - N - S',S' - N - d - P - M - g - r - S,True,True,False,True,False,False,True,True,True,False,False,True,MASTER_COMBINED_RAW.csv,,,,,,,7,1.0,3.0,3.0
"Todi, Saheli",https://raagtime.com/ragas/todi-saheli,09-12,S - r - g - P - d - S',r' - g' - r' - S' - d - n - d - P - g - r - g - r - S' - d - S,True,True,False,True,False,False,False,True,True,False,True,False,MASTER_COMBINED_RAW.csv,,,,,,,6,0.0,2.0,4.0
Triveni,https://raagtime.com/ragas/triveni,06-09,"S - r, r - S, S - r, G - P - G, P, d - P, S'","S' - N - d - P, P - G, r - r - S",True,True,False,False,True,False,False,True,True,False,False,True,MASTER_COMBINED_RAW.csv,,,,,,,6,0.0,4.0,2.0
Vachaspati,https://raagtime.com/ragas/vachaspati,21-24,'n - S - G - M - P - n - S',S' - n - D - P - M - G - R - S,True,False,True,False,True,False,True,True,False,True,True,False,MASTER_COMBINED_RAW.csv,,,,,,,7,1.0,5.0,1.0
"Varari, Kantal",https://raagtime.com/ragas/varari-kantal,21-24,"S - m - P, D - n - D, S'","S' - N, D - P, m - S",True,False,False,False,False,True,False,True,False,True,True,True,MASTER_COMBINED_RAW.csv,,,,,,,6,0.0,5.0,1.0
"Varari, Karank",https://raagtime.com/ragas/varari-karank,21-24,"S - R, m - P, n - S'","S' - n, D - n, P - m, G - R - S",True,False,True,False,True,True,False,True,False,True,True,False,MASTER_COMBINED_RAW.csv,,,,,,,7,0.0,6.0,1.0
"Varari, Salag",https://raagtime.com/ragas/varari-salag,09-12,"S - r - g - P, D - n - D - S'","S' - n - D - P, D - n - D - P, g - P, r - g - r - S",True,True,False,True,False,False,False,True,False,True,True,False,MASTER_COMBINED_RAW.csv,,,,,,,6,0.0,3.0,3.0
Vijay,https://raagtime.com/ragas/vijay,18-21,S - R - g - M - P - D - S',"S' - d - P - M, g - R - S",True,False,True,True,False,False,True,True,True,True,False,False,MASTER_COMBINED_RAW.csv,,,,,,,7,1.0,4.0,2.0
Viranch Mukhi,https://raagtime.com/ragas/viranch-mukhi,21-24,"S - m, G - P, M - m - g, P - N - S'","S' - N - P, M - m - G, P - G, P - R - S - m",True,False,True,True,True,True,True,True,False,False,False,True,MASTER_COMBINED_RAW.csv,,,,,,,8,1.0,6.0,1.0
Yaman,https://raagtime.com/ragas/yaman,18-21,N - R - G - M - D - N - S',S' - N - D - P - M - G - R - S,True,False,True,False,True,False,True,True,False,True,False,True,MASTER_COMBINED_RAW.csv,,,,,,,7,1.0,6.0,0.0
Zilaf,https://raagtime.com/ragas/zilaf,06-09,"S - R - g - m, P, d, n - S'","R' - S' - n - d, P, g - P - m - g - R - S",True,False,True,True,False,True,False,True,True,False,True,False,MASTER_COMBINED_RAW.csv,,,,,,,7,0.0,4.0,3.0
Abhogi Kanada,https://tanarang.com/wordpress/raag-abhogi-kanada/,2nd Prahar of the Night (9PM to 12AM),"S R g m D S' - S' D m g R g m R S ; R ,D ,D S",,True,False,True,True,False,True,False,False,False,True,False,False,MASTER_COMBINED_RAW.csv,"Pancham, Nishad Varjya. Gandhar Komal. Rest All Shuddha Swaras.",Audhav - Audhav Vakra,Kafi,Madhyam - Shadj,R; m; D; S;,"S R ,D S ; R g m ; g m R S;",5,0.02,4.21,1.23
Adana,https://tanarang.com/wordpress/raag-adana-2/,2nd Prahar of the Night (9PM to 12AM),S R m P d n S' - S' d n P ; m P g m R S,,True,False,True,True,False,True,False,True,True,False,True,False,MASTER_COMBINED_RAW.csv,"Gandhar Varjya in Aaroh. Gandhar, Dhaivat, Nishad Komal. Rest All Shuddha Swaras.",Shadhav - Sampurna Vakra,Asawari,Shadj - Pancham,P; n; - S'; P; R;,m P d n S'; S' d n S' ; S' d n P ; m P ; g m R S;,7,0.03,4.18,2.77
Aheer Bhairav,https://tanarang.com/wordpress/raag-aheer-bhairav/,1st Prahar of the Day (6AM to 9AM),S r G m P D n S' - S' n D P m G r S or S' n D P m G m r S,,True,True,False,False,True,True,False,True,False,True,True,False,MASTER_COMBINED_RAW.csv,Rishabh and Nishad Komal. Rest All Shuddha Swaras.,Sampurna - Sampurna,Bhairav,Madhyam - Shadj,S; r; m; P; - S'; P; m; r;,"G m P ; D n D ; P D P ; S' n D ; n D P m G m ; G m P m r r S ; ,n ,D ,n r r S;",7,0.0202,4.8871,1.8973
Alhaiya Bilawal,https://tanarang.com/wordpress/raag-alhaiya-bilawal/,1st Prahar of the Day (6AM to 9AM),S R G P D N S' - S' N D P D n D P m G R S,,True,False,True,False,True,True,False,True,False,True,True,True,MASTER_COMBINED_RAW.csv,Madhyam Varjya in Aaroh. Both Nishads. Rest All Shuddha Swaras.,Shadhav - Sampurna,Bilawal,Dhaivat - Gandhar,S; G; P; - S'; P; G;,G R G P ; D n D P ; m G R ; G P D N S' ;,8,0.04,6.735,1.09
Bageshree,https://tanarang.com/wordpress/raag-bageshree/,2nd Prahar of the Night (9PM to 12AM),"S R g m D n S' - S' n D m P D m g R S; ,n S",,True,False,True,True,False,True,False,True,False,True,True,False,MASTER_COMBINED_RAW.csv,Pancham Varjya in Aaroh. Gandhar and Nishad Komal. Rest All Shuddha Swaras.,Shadhav - Sampurna Vakra,Kafi,Madhyam - Shadj,S; m; D; - S'; D; m; g;,",n S m ; S g m ; g R S ; ,n ,D ; m D n D ; m g R S;",7,0.0204,4.881,1.9013
Bahar,https://tanarang.com/wordpress/raag-bahar/,2nd Prahar of the Night (9PM to 12AM) or Anytime in Spring Season.,"S R S m P m g m D N S' - S' n P m g m R S ,N S",,True,False,True,True,False,True,False,True,False,True,True,True,MASTER_COMBINED_RAW.csv,"Rishabh and Pancham Varjya in Aaroh. Dhaivat Varjya in Avroh. Gandhar Komal, Both Nishads. Rest All Shuddha Swaras.",Audhav - Shadhav Vakra,Kafi,Madhyam - Shadj,S; m; P; - S'; m; R;,S m ; P m g m ; n P m ; m n D N S' ; n P m ; P m ; g m R S;,8,0.0206,5.5498,1.9003
Bairagi,https://tanarang.com/wordpress/raag-bairagi/,1st Prahar of the Day (6AM to 9AM),S r m P n S' - S' n P m r S,,True,True,False,False,False,True,False,True,False,False,True,False,MASTER_COMBINED_RAW.csv,Gandhar and Dhaivat Varjya. Rishabh and Nishad Komal. Rest All Shuddha Swaras.,Audhav - Audhav,Bhairav,Madhyam - Shadj,S; r; m; P;,"m P n P m r ; r P m r S ; ,n S r S ;",5,0.0208,3.5353,1.8993
Bairagi Todi,https://tanarang.com/wordpress/raag-bairagi-todi/,1st Prahar of the Day (6AM to 9AM),S r g P n S' - S' n P g r S,,True,True,False,True,False,False,False,True,False,False,True,False,MASTER_COMBINED_RAW.csv,"Madhyam and Dhaivat Varjya. Rishabh, Gandhar, Nishad Komal. Rest all Shuddha Swaras.",Audhav - Audhav,Todi,Pancham - Shadj,S; r; P;,",n S r g ; g r ,n ,P ; ,n r S ;",5,0.07,2.55,2.77
Basant,https://tanarang.com/wordpress/raag-basant/,2nd Prahar of the Night (9PM to 12AM) or Anytime in Spring Season.,S G M d N S' - S' N d P M G M N d M G r S,,True,True,False,False,True,False,True,True,True,False,False,True,MASTER_COMBINED_RAW.csv,Rishabh and Pancham Varjya in Aaroh. Rishabh and Dhaivat Komal. Madhyam Teevra. Rest All Shuddha Swaras.,Audhav - Sampurna Vakra,Poorvi,Tar Shadj - Pancham,S; G; - S'; P; G;,M d r' S' ; N S' r' N d P ; G M d N M G ; M d G M G ; M G M G r S ;,7,1.0,4.0,2.0
Basant Mukhari,https://tanarang.com/wordpress/raag-basant-mukhari/,2nd Prahar of the Day (9AM to 12PM),"S r G m P d n S'; - S' n d P m G r S ,n S;",,True,True,False,False,True,True,False,True,True,False,True,False,MASTER_COMBINED_RAW.csv,"Rishabh, Dhaivat and Nishad Komal. Rest All Shuddha Swaras.",Sampurna - Sampurna,Bhairav,Pancham - Shadj,S; G; m; - S'; P; m; r;,"S r G ; G m ; P m ; P d n d P m ; P m G m ; G r ; r S ; ,n ,d ,n S r ; r G m ; G r S ; G m r S;",7,0.0707,4.1155,2.7677
Bhairav,https://tanarang.com/wordpress/raag-bhairav/,1st Prahar of the Day (6AM to 9AM),S r G m P d N S'; - S' N d P m G r S;,,True,True,False,False,True,True,False,True,True,False,False,True,MASTER_COMBINED_RAW.csv,Rishabh and Dhaivat Komal. Rest All Shuddha Swaras.,Sampurna - Sampurna,Bhairav,Dhaivat - Rishabh,S; m; P; d; - S'; d; P; r;,"r r S ; d d P ; G m d d P ; G m r r S ; ,N S;",7,0.01,4.9,2.02
Bhairavi,https://tanarang.com/wordpress/raag-bhairavi/,1st Prahar of the Day (6AM to 9AM) or Sarv Kalik,S r g m P d n S'; - S' n d P m g r S;,,True,True,False,True,False,True,False,True,True,False,True,False,MASTER_COMBINED_RAW.csv,"Rishabh, Gandhar, Dhaivat, Nishad Komal. Rest all Shuddha Swaras.",Sampurna - Sampurna,Bhairavi,Madhyam - Shadj,S; m; P; - S'; P; m;,g S r S ; g m P ; d m d n S' ; r' S' d P g m r S;,7,0.026,3.5956,3.1683
Bhatiyar,https://tanarang.com/wordpress/raag-bhatiyar/,4th Prahar of the Night (3AM to 6AM),S r S ; S m ; m D P ; S D ; D N P m ; P G ; M D S' - S' r' N D P ; D N P m ; P G r S;,,True,True,False,False,True,True,True,True,False,True,False,True,MASTER_COMBINED_RAW.csv,"Both Madhyams, Rishabh Komal. Rest all Shuddha Swaras.",Sampurna - Sampurna Vakra,Marwa,Shuddha Madhyam - Shadj,S; m; P; D; - m; S;,S m P ; P G r S ; S D N D ; N P ; D m ; P G ; P G r S ; M D S' ;,8,1.0,5.98,1.01
Bheem,https://tanarang.com/wordpress/raag-bheem/,3rd Prahar of the Day (12PM to 3PM),",n S G m P n S' - S' n D P m G P m ; G m R S ; ,n S ,P ,n S",,True,False,True,False,True,True,False,True,False,True,True,False,MASTER_COMBINED_RAW.csv,"Rishabh, Dhaivat Varjya in Aaroh. Nishad Komal. Rest all Shuddha Swaras.",Audhav - Sampurna Vakra,Kafi,Shadj - Pancham,S; G; P; - S'; P; G;,",n S G m P (S')n ; P (S')n S' ; S' (P)D P ; D m P ; G m R ,n S ;",7,0.0305,5.9455,1.0082
Bheempalasi,https://tanarang.com/wordpress/raag-bheempalasi/,3rd Prahar of the Day (12PM to 3PM),",n S g m P n S' - S' n D P m g R S ,n S ,P ,n S",,True,False,True,True,False,True,False,True,False,True,True,False,MASTER_COMBINED_RAW.csv,Rishabh and Dhaivat Varjya in Aaroh. Gandhar and Nishad Komal. Rest all Shuddha Swaras.,Audhav - Sampurna,Kafi,Madhyam - Shadj,S; m; P; - S'; P; m;,",n S g m P ; n D P ; S' ; n D P ; m g R S;",7,0.0264,4.8846,1.8758
Bhoopali,https://tanarang.com/wordpress/raag-bhoopali/,1st Prahar of the Night (6PM to 9PM),"S R G P D S' - S’ D P G R S R ,D S",,True,False,True,False,True,False,False,True,False,True,False,False,MASTER_COMBINED_RAW.csv,"Madhyam, Nishad Varjya. Rest All Shuddha Swaras.",Audhav - Audhav,Kalyan,Gandhar - Dhaivat,S; R; G; P; - P; G; R; S;,G R G; P G; D P; S' D P G; P G R G; G R S;,5,0.02,5.04,0.03
Bhupal Todi,https://tanarang.com/wordpress/raag-bhupal-todi/,1st Prahar of the Day (6AM to 9AM),"S r g P d S' - S' d P g r S ,d r S",,True,True,False,True,False,False,False,True,True,False,False,False,MASTER_COMBINED_RAW.csv,"Madhyam and Nishad Varjya. Rishabh, Gandhar and Dhaivat Komal. Rest all Shuddha Swaras.",Audhav - Audhav,Bhairavi,Dhaivat - Gandhar,S; g; P; d; - d; P; g; S;,"S ,d S r g ; d P g r g r S;",5,0.0404,2.2424,2.8959
Bihag,https://tanarang.com/wordpress/raag-bihag/,2nd Prahar of the Night (9PM to 12AM),"S G m P N S' - S' N DP M P G m G RS, S' N D P M G m G R S",,True,False,True,False,True,True,True,True,False,True,False,True,MASTER_COMBINED_RAW.csv,Rishabh and Dhaivat Varjya in Aaroh. Both Madhyams. Rest all Shuddha Swaras.,Audhav - Sampurna Vakra,Kalyan,Gandhar - Nishad,S; G; P; N; - S'; N; P; G;,",N S G ; G m G ; P M P G m G ; P M G m G R S;",8,0.93,6.79,0.13
Bihagda,https://tanarang.com/wordpress/raag-bihagda/,2nd Prahar of the Night (9PM to 12AM),S G m P N S'  - S' N (D)P ; P D n D P ; G m G ; P m G (R) S;,,True,False,True,False,True,True,False,True,False,True,True,True,MASTER_COMBINED_RAW.csv,Rishabh  Varjya in Aaroh. Both Nishads. Rest all Shuddha Swaras.,Shadhav - Sampurna,Bilawal,Gandhar - Shuddha Nishad,G; m; N;,S G m P ; m P G (R) S; G m n D P ; G m G ; G m P N S' ; S' N P ; D n D P ; G m G ; mP mP G (R) S;,8,0.0,7.0,1.0
Bilaskhani Todi,https://tanarang.com/wordpress/raag-bilaskhani-todi/,2nd Prahar of the Day (9AM to 12PM),S r g P d S' - S' r' n d ; P ; P d n d m g r ; r g r S,,True,True,False,True,False,True,False,True,True,False,True,False,MASTER_COMBINED_RAW.csv,"Madhyam and Nishad Varjya in Aaroh. Pancham Varjya in Avroh. Rishabh, Gandhar, Dhaivat and Nishad Komal. Rest all Shuddha Swaras.",Audhav - Sampurna Vakra,Bhairavi,Dhaivat - Gandhar,S; g; P; d; - d; P; g; S;,"S r ,n ,d S ; S r g ; r g P ; P d n d ; d m g r ; g r S ;",7,0.041,3.136,3.7843
Chandrakauns,https://tanarang.com/wordpress/raag-chandrakauns/,2nd Prahar of the Night (9PM to 12AM),"S g m d N S' - S' N d m g m g S ,N S",,True,False,False,True,False,True,False,False,True,False,False,True,MASTER_COMBINED_RAW.csv,Rishabh and Pancham Varjya. Gandhar and Dhaivat Komal. Rest all Shuddha Swaras.,Audhav - Audhav,Not Defined,Madhyam - Shadj,S; m; N; - S'; N; m;,"S g m g S ,N ; ,N S ; g m d N S'; N d S' ; N d m g m g S ,N S;",5,0.0215,3.5454,1.8887
Charukeshi,https://tanarang.com/wordpress/raag-charukeshi/,2nd Prahar of the Day (9AM to 12PM),"S R G m P d n S' - S' n d P m G R S ,d ,n S",,True,False,True,False,True,True,False,True,True,False,True,False,MASTER_COMBINED_RAW.csv,Dhaivat and Nishad Komal. Rest all Shuddha Swaras.,Sampurna - Sampurna,Not Defined,Madhyam - Shadj,R; G; m; P; d;,",d ,n S R G m G R ; R G m d P ; R G m R S ;",7,0.0218,4.8909,1.8876
Chhayanut,https://tanarang.com/wordpress/raag-chhayanut/,2nd Prahar of the Night (9PM to 12AM),S R G R ; G P m G R S ; S R G m P D N S' - S' N D P M P D P ; R G m P m G R S,,True,False,True,False,True,True,True,True,False,True,False,True,MASTER_COMBINED_RAW.csv,Both Madhyams. Rest All Shuddha Swaras.,Sampurna - Sampurna Vakra,Kalyan,Pancham - Rishabh,R; G; P; - S'; P; R;,",P R R ; R G m P ; G m R S ; S' P R G ; m G m R S R S;",8,1.0,6.93,0.02
Darbari Kanada,https://tanarang.com/wordpress/raag-darbari-kanada/,3rd Prahar of the Night (12AM to 3AM),S R g m P d n S' - S' d n P m P g m R S,,True,False,True,True,False,True,False,True,True,False,True,False,MASTER_COMBINED_RAW.csv,"Gandhar, Dhaivat and Nishad Komal. Rest all Shuddha Swaras.",Sampurna - Sampurna Vakra,Asawari,Rishabh - Pancham,S; R; P; - S'; P; R;,"S R g (R)g ; m P d (P)d n P ; n m P S' ; S' (n)d n P m P (m)g m R S ; ,d ,n S;",7,0.025,4.12,2.86
Des,https://tanarang.com/wordpress/raag-des/,2nd Prahar of the Night (9PM to 12AM),"S R m P N S' - S' n D P D m G R G ,N S",,True,False,True,False,True,True,False,True,False,True,True,True,MASTER_COMBINED_RAW.csv,Gandhar and Dhaivat Varjya in Aaroh. Both Nishads. Rest all Shuddha Swaras.,Audhav - Sampurna Vakra,Khamaj,Rishabh - Pancham,R P N S' - S' P R;,"D s m G R; G ,N s S; R m P N; S' R' n D P;",8,0.0203,6.8612,1.0386
Deshkar,https://tanarang.com/wordpress/raag-deshkar/,1st Prahar of the Day (6AM to 9AM),S R G P D S' - S' D P D G P G R S,,True,False,True,False,True,False,False,True,False,True,False,False,MASTER_COMBINED_RAW.csv,Madhya and Nishad Varjya. Rest all Shuddha Swaras.,Audhav - Audhav Vakra,Bilawal,Dhaivat - Gandhar,P; D; S'; - S'; D; P;,"S R G P D ; D G P ; S' D ; P D G P ; G R S ; ,D S;",5,0.0412,4.9411,0.1877
Desi,https://tanarang.com/wordpress/raag-desi/,1st Prahar of the Day (6AM to 9AM),"S R m P n S' - S' P D m P R g S R ,n S",,True,False,True,True,False,True,False,True,False,True,True,False,MASTER_COMBINED_RAW.csv,Gandhar and Dhaivat Varjya in Aaroh. Nishad Varjya in Avroh. Gandhar and Nishad Komal. Rest all Shuddha Swaras.,Audhav - Shadhav Vakra,Kafi,Pancham - Shadj,S; R; P; - P; R; S;,"R m P ; D m P S' ; S' P D m P ; R g S R ,n S;",7,0.0764,4.8917,1.9854
Dev Gandhar,https://tanarang.com/wordpress/raag-dev-gandhar/,2nd Prahar of the Day (9AM to 12PM),S R G m P m g R G m P d n S' - S' n d P m P g R G m g R S,,True,False,True,True,True,True,False,True,True,False,True,False,MASTER_COMBINED_RAW.csv,Dhaivat and Nishad Komal. Both Gandhars. Rest all Shuddha Swaras.,Sampurna - Sampurna Vakra,Asawari,Dhaivat - Gandhar,G; m; P; - S'; P; R;,",d ,n S R G m G m ; d m P n d P ; d m P g R S ; R G m ; P g R S ; d m P g R G m g R S ;",8,0.0416,4.9405,2.8896
Devgiri Bilawal,https://tanarang.com/wordpress/raag-devgiri-bilawal/,1st Prahar of the Day (6AM to 9AM),"S R G P D N S' - S' N D P ; D n D P ; m G R S ; ,N S ; ,D ,P G R S",,True,False,True,False,True,True,False,True,False,True,True,True,MASTER_COMBINED_RAW.csv,Both Nishads. Madhyam Varjya in Aaroh. Rest all Shuddha Swaras.,Shadhav - Sampurna Vakra,Bilawal,Shadj - Pancham,S; G; P; - P; G; S';,"S ; ,D ,N ,D S R G ; G R S ; ,D ,P G ; ,N R G m G ; G P m ; G R S ;",8,0.0356,6.8163,1.0028
Devshree,https://tanarang.com/wordpress/raag-devshree/,2nd Prahar of the Night (9PM to 12AM),S R M P n S' - S' n P M R S,,True,False,True,False,False,False,True,True,False,False,True,False,MASTER_COMBINED_RAW.csv,Gandhar and Dhaivat Varjya. Madhyam Teevra. Nishad Komal. Rest all Shuddha Swaras.,Audhav - Audhav,Kalyan,Pancham - Rishabh,R; P; n; - n; P; R;,"R M P ; M P n P ; M R S; ,n ,P ,n S;",5,1.0,3.0893,0.9802
Dhanashree (Bhairavi Ang),https://tanarang.com/wordpress/raag-dhanashree-bhairavi-ang/,3rd Prahar of the Day (12PM to 3PM),",n S g m P n S' - S' n d P m P g m g r S",,True,True,False,True,False,True,False,True,True,False,True,False,MASTER_COMBINED_RAW.csv,"Rishabh and Dhaivat Varjya in Aaroh. Rishabh, Gandhar, Dhaivat and Nishad Komal. Rest all Shuddha Swaras.",Audhav - Sampurna,Bhairavi,Pancham - Shadj,S; P; - S'; P; g;,S; g m P n d P ; P d m P g ; m g r S ; g m P g r S ;,7,0.0722,3.3356,3.5452
Dhani,https://tanarang.com/wordpress/raag-dhani/,Sarv Kalik or 3rd Prahar of the Day (12PM to 3PM),S g m P n S' - S' n P m g S,,True,False,False,True,False,True,False,True,False,False,True,False,MASTER_COMBINED_RAW.csv,Rishabh and Dhaivat Varjya. Gandhar and Nishad Komal. Rest all Shuddha Swaras.,Audhav - Audhav,Kafi,Gandhar - Nishad,g; n;,",n S g ; S g m P g ; n P g S ;",5,0.0493,3.2679,1.8913
Durga,https://tanarang.com/wordpress/raag-durga/,2nd Prahar of the Night (9PM to 12AM),"S R m P D S' - S' D P D m R S ,D S",,True,False,True,False,False,True,False,True,False,True,False,False,MASTER_COMBINED_RAW.csv,Gandhar and Nishad Varjya. Rest all Shuddha Swaras.,Audhav - Audhav,Bilawal,Madhyam - Shadj,S; R; P; D; - S'; D; m; R;,"m P D ; m R ,D S ; R R P;",5,0.022,4.8898,0.5465
Gaud Malhar,https://tanarang.com/wordpress/raag-gaud-malhar/,2nd Prahar of the Night (9PM to 12AM) or Anytime in Rainy Season.,S R G m ; R P ; m P D N S' - S' n D n P m ; G R G (R)S ; R G m,,True,False,True,False,True,True,False,True,False,True,True,True,MASTER_COMBINED_RAW.csv,Both Nishads. Rest All Shuddha Swaras.,Sampurna - Sampurna Vakra,Bilawal,Madhyam - Shadj,S; m; P; - S'; P; m;,S R G m ; R G m G m ; G R G (R)S ; m P D n P ; m P D N S' ;,8,0.0275,6.1661,1.2372
Gaud Sarang,https://tanarang.com/wordpress/raag-gaud-sarang/,3rd Prahar of the Day (12PM to 3PM),"S G R m G D P N D S' or ,N S G R m G; P M D M P S'; - S' N D P M P D P G R m G P R S or S' N D P M P m g ; m g R m G P R S;",,True,True,True,True,True,True,True,True,False,True,False,True,MASTER_COMBINED_RAW.csv,Both Madhyams. Rest all Shuddha Swaras.,Sampurna - Sampurna Vakra,Kalyan,Gandhar - Dhaivat,G; P; S'; - S'; P; G;,S G R m G P R S ; m G P ; D P S' ; S' D P m G ; G R m G P R S ;,10,0.9802,6.9604,1.9503
Gauri (Bhairav Ang),https://tanarang.com/wordpress/raag-gauri-bhairav-ang/,4th Prahar of the Day (3PM to 6PM),"S r ,N S; S r G m P d P; P d N S' - S' N d P m G; r G m G r; S r ,N S; ,d ,N ,d S ,N S",,True,True,False,False,True,True,False,True,True,False,False,True,MASTER_COMBINED_RAW.csv,Rishabh and Dhaivat Komal. Rest All Shuddha Swaras.,Sampurna - Sampurna Vakra,Bhairav,Rishabh - Pancham,,"S r S ,N S G r; m G r S r ,N S;",7,0.0205,5.0198,1.959
Gopika Basant,https://tanarang.com/wordpress/raag-gopika-basant/,1st Prahar of the Day (6AM to 9AM),"S g m P m g g m d n S' - S' n d m P g m P m g S; ,d ,n S g m g S",,True,False,False,True,False,True,False,True,True,False,True,False,MASTER_COMBINED_RAW.csv,"Rishabh Varjya. Gandhar, Dhaivat and Nishad Komal. Rest all Shuddha Swaras.",Shadhav - Shadhav Vakra,Asawari,Shadj - Pancham,S m - S' P g;,",d ,n S g m P ; n d m P g m g S ; g m d n d P ; d m P g m g S ; ,d ,n S;",6,0.031,3.2994,2.7678
Gorakh Kalyan,https://tanarang.com/wordpress/raag-gorakh-kalyan/,2nd Prahar of the Night (9PM to 12AM),"S R m D S' - S' n D m R S ,n ; ,n ,D R S",,True,False,True,False,False,True,False,False,False,True,True,False,MASTER_COMBINED_RAW.csv,Gandhar and Pancham Varjya. Nishad Varjya in Aaroh. Nishad Komal in Avroh. Rest all Shuddha Swaras.,Audhav - Audhav,Khamaj,Madhyam - Shadj,"S; m; D; - D; m; R; ,n;","S R m ; R m R S ,n ; ,n D S ; R m D n D S' ; S' n D m R ; m R S ,n ; ,n ,D R S;",5,0.0225,4.2104,1.2243
Gunkali,https://tanarang.com/wordpress/raag-gunkali/,1st Prahar of the Day (6AM to 9AM),"S r m P d S' - S' d P m r r S ,d S",,True,True,False,False,False,True,False,True,True,False,False,False,MASTER_COMBINED_RAW.csv,Gandhar and Nishad Varjya. Rishabh and Dhaivat Komal. Rest all Shuddha Swaras.,Audhav - Audhav,Bhairav,Dhaivat - Rishabh,S; r; d; - d; r; S;,"S r m P d ; P d m r ; r S ,d S ; m P d d S' ; d P d m ; P m r S ;",5,0.0101,3.019,2.0202
Gurjari Todi,https://tanarang.com/wordpress/raag-gurjari-todi/,2nd Prahar of the Day (9AM to 12PM),"S r g M d N S' - S' N d M d M g r g r S; ,d ,N S",,True,True,False,True,False,False,True,False,True,False,False,True,MASTER_COMBINED_RAW.csv,"Pancham Varjya. Rishabh, Gandhar and Dhaivat Komal. Madhyam Teevra. Rest all Shuddha Swaras.",Shadhav - Shadhav,Todi,Dhaivat - Rishabh,r; g; d; S’;,"S r ,N ,d S ; r g M d ; M d N d ; N d M g r ; g r S;",6,0.9502,2.0792,2.9604
Hameer,https://tanarang.com/wordpress/raag-hameer/,2nd Prahar of the Night (9PM to 12AM),S G m D ; N D S'; or S G m N D P ; G m D N S' - S' N D P M P D P G m P G m R S; or S' N D P G m R S,,True,True,True,False,True,True,True,True,False,True,False,True,MASTER_COMBINED_RAW.csv,Rishabh and Pancham Varjya in Aaroh. Both Madhyams. Rest all Shuddha Swaras.,Audhav - Sampurna Vakra,Kalyan,Dhaivat - Gandhar,S; D; S'; - S'; D; P; R;,P ; G m N D ; D P ; G m P G m R S;,9,0.942,6.74,1.0885
Hansdhwani,https://tanarang.com/wordpress/raag-hansdhwani/,2nd Prahar of the Night (9PM to 12AM),"S R G P N S' - S' N P G R S ,N ,P ,N R S",,True,False,True,False,True,False,False,True,False,False,False,True,MASTER_COMBINED_RAW.csv,Madhyam and Dhaivat Varjya. Rest all Shuddha Swaras.,Audhav - Audhav,Bilawal,Shadj - Pancham,G P N - S' N P G;,",N RG P G R G P N S'; S' N P G R G P G R S;",5,0.0313,5.0624,0.1255
Hanskinkini,https://tanarang.com/wordpress/raag-hanskinkini/,3rd Prahar of the Day (12PM to 3PM),",N S G m P N S' - S' n D P m P G m P g R S ,N S",,True,False,True,True,True,True,False,True,False,True,True,True,MASTER_COMBINED_RAW.csv,Rishabh and Dhaivat Varjya in Aaroh. Both Gandhars. Both Nishads. Rest All Shuddha Swaras.,Audhav - Sampurna Vakra,Kafi,Pancham - Shadj,R; P; N; - S'; N; P; R;,"G m D P ; m P g R S ; ,N S G m P P ; m P ; m n D P ; D P m P ; G m D P g R S ;",9,0.0729,6.4589,1.9807
Harikauns,https://tanarang.com/wordpress/raag-harikauns/,2nd Prahar of the Night (9PM to 12AM),S g M D n S' - S' n D M g S,,True,False,False,True,False,False,True,False,False,True,True,False,MASTER_COMBINED_RAW.csv,Rishabh and Pancham Varjya. Gandhar and Nishad Komal. Madhyam Teevra. Rest all Shuddha Swaras.,Audhav - Audhav,Kafi,Gandhar - Nishad,S; g; D; - D; g; S;,"S ,D ,n S ; g M g S ; g M D n S' ; S' n D M g S ; g M g S ,n S ,D ,n g S;",5,0.9298,2.3956,1.8952
Hemant,https://tanarang.com/wordpress/raag-hemant/,2nd Prahar of the Night (9PM to 12AM),S G m D N S' - S' N D P m G R S,,True,False,True,False,True,True,False,True,False,True,False,True,MASTER_COMBINED_RAW.csv,Rishabh and Pancham Varjya in Aaroh. Rest all Shuddha Swaras.,Audhav - Sampurna,Bilawal,Madhyam - Shadj,S; G; m; D; N;,G m D N D ; m (P)m ; N D (P)m ; G m G R S ; G m D P m G R S;,7,0.0227,6.2125,0.5566
Hemshree,https://tanarang.com/wordpress/raag-hemshree/,2nd Prahar of the Night (9PM to 12AM),",N S g m P N S' - S' n P m g m g S ,N ,N S",,True,False,False,True,False,True,False,True,False,False,True,True,MASTER_COMBINED_RAW.csv,Rishabh and Dhaivat Varjya. Gandhar Komal. Both Nishads. Rest all Shuddha Swaras.,Audhav - Audhav,Kafi,Nishad - Gandhar,S; m; P; - S'; P; m;,",N S g m P ; m g S g ,N S ; g m P S' ; n P ; m ; Pm gm P ; g P m g S g ,NS;",6,0.0054,4.0232,1.9864
Hindol,https://tanarang.com/wordpress/raag-hindol/,3rd Prahar of the Night (12AM to 3AM),"S G M D N M D S' - S' N D M G M G S ,D S",,True,False,False,False,True,False,True,False,False,True,False,True,MASTER_COMBINED_RAW.csv,Rishabh and Pancham Varjya. Madhyam Teevra. Rest all Shuddha Swaras.,Audhav - Audhav Vakra,Kalyan,Dhaivat - Gandhar,G; D; S'; - D; G;,"D D N M D S' ; D M G ; S ,D ,D S;",5,0.9415,4.0373,0.1894
Jaijaivanti,https://tanarang.com/wordpress/raag-jaijaivanti/,2nd Prahar of the Night (9PM to 12AM),"S ,D ,n R; R g R S; G m P m G R ; R m P N S' - S' n D P m G R g R S; ,N S ,D ,n R S",,True,False,True,True,True,True,False,True,False,True,True,True,MASTER_COMBINED_RAW.csv,Gandhar and Dhaivat Varjya in Aaroh. Both Gandhars. Both Nishads. Rest all Shuddha Swaras.,Audhav - Sampurna Vakra,Kafi,Rishabh - Pancham,S R P N - S' P R;,",D,n R ; R g R S ; ,N S ; R m P N ; n D P;",9,0.0207,6.845,1.9536
Jaldhar Kedar,https://tanarang.com/wordpress/raag-jaldhar-kedar/,2nd Prahar of the Night (9PM to 12AM),S R m P D S' - S' D P m R S,,True,False,True,False,False,True,False,True,False,True,False,False,MASTER_COMBINED_RAW.csv,Gandhar and Nishad Varjya. Rest all Shuddha Swaras.,Audhav - Audhav,Bilawal,Madhyam - Shadj,m; S;,S R S m ; m R P m ; m P D S' ; R' S' D P m ; P m R S ;,5,0.0229,4.8746,0.5621
Jaunpuri,https://tanarang.com/wordpress/raag-jaunpuri/,2nd Prahar of the Day (9AM to 12PM),S R m P d n S' - S' n d P m g R S,,True,False,True,True,False,True,False,True,True,False,True,False,MASTER_COMBINED_RAW.csv,"Gandhar Varjya in Aaroh. Gandhar, Dhaivat and Nishad Komal. Rest all Shuddha Swaras.",Shadhav - Sampurna,Asawari,Dhaivat - Gandhar,R; P; d; S'; - d; P; g; R;,"R m P , d m P S' ; R' n d P ; m P n d P ; d m P g R m P ;",7,0.0409,4.0377,2.8913
Jayat,https://tanarang.com/wordpress/raag-jayat/,4th Prahar of the Day (3PM to 6PM) or Sandhi Prakash Raag,S r G P D P S' - S' P D P ; P D G P; P G r S,,True,True,False,False,True,False,False,True,False,True,False,False,MASTER_COMBINED_RAW.csv,Madhyam and Nishad Varjya in Aaroh. Rishabh Komal. Rest all Shuddha Swaras.,Audhav - Audhav,Marwa,Pancham - Shadj,S; G; P;,P D P S'; S' P ; P D G P ; P G r S;,5,0.0736,4.1085,1.2105
Jhinjhoti,https://tanarang.com/wordpress/raag-jhinjhoti/,2nd Prahar of the Night (9PM to 12AM),S R m P D S'; - S' n D P m G R G S;,,True,False,True,False,True,True,False,True,False,True,True,False,MASTER_COMBINED_RAW.csv,Nishad Varjya in Aaroh. Nishad Komal in Avroh. Rest all Shuddha Swaras.,Shadhav - Sampurna Vakra,Khamaj,Gandhar - Nishad,S; P; D; - S'; P; G;,",D S R m G ; R G S R ,n ,D ,P ,D S ; ,P ,D S R G m G ; m G R S ; R ,n ,D S ;",7,0.0491,5.9145,1.0092
Jog,https://tanarang.com/wordpress/raag-jog/,2nd Prahar of the Night (9PM to 12AM),"S G m P n S'; - S' n P m g S; ,n S;",,True,False,False,True,True,True,False,True,False,False,True,False,MASTER_COMBINED_RAW.csv,"Rishabh and Dhaivat Varjya. Nishad Komal, Both Gandhars. Rest all Shuddha Swaras.",Audhav - Audhav,Kafi,Madhyam - Shadj,G; m; P; - P; m; G;,G m P n P ; P n P m G m ; G m g S;,6,0.0232,4.2033,1.9078
Jogeshwari,https://tanarang.com/wordpress/raag-jogeshwari/,2nd Prahar of the Night (9PM to 12AM),S G m D n S'; - S' n D m G m g S;,,True,False,False,True,True,True,False,False,False,True,True,False,MASTER_COMBINED_RAW.csv,Rishabh and Pancham Varjya. Nishad Komal. Both Gandhars. Rest all Shuddha Swaras.,Audhav - Audhav,Kafi,Madhyam - Shadj,S; G m; D; - D; m; G; S;,"S G m g S ; ,n ,D ; ,m ,D ,n S ; S G m ; n D m ; D n S' ; S' D ; n m ; D G ; m g S ;",6,0.0234,4.2104,1.9068
Pancham Jogeshwari,https://tanarang.com/wordpress/raag-pancham-jogeshwari/,2nd Prahar of the Night (9PM to 12AM),S G m D n S' - S' n D m G m P m g S,,True,False,False,True,True,True,False,True,False,True,True,False,MASTER_COMBINED_RAW.csv,"Rishabh Varjya. Pancham Varjya in Aaroh. Nishad Komal, Both Gandhars. Rest all Shuddha Swaras.",Audhav - Shadhav,Kafi,Madhyam - Shadj,S; G m; D; - D; m; G; S;,"S G m g S ; ,n ,D ; ,m ,D ,n S ; S G m ; m P m g S ; n D m ; D n S' ; S' D ; n D ; D m ; P m g S ;",7,0.0237,4.8735,1.9054
Jogiya,https://tanarang.com/wordpress/raag-jogiya/,1st Prahar of the Day (6AM to 9AM) or Brahm Muhurt,S r m P d S'; - S' N d P ; m m r S ;,,True,True,False,False,False,True,False,True,True,False,False,True,MASTER_COMBINED_RAW.csv,"Gandhar and Nishad Varjya in Aaroh, Gandhar Varjya in Avroh. Rishabh and Dhaivat Komal. Rest all Shuddha Swaras.",Audhav - Shadhav,Bhairav,Madhyam - Shadj,S; m; P; d; - S'; d; m; r;,r m m ; m P d ; P d N d P ; P d m r S;,6,0.0239,4.2062,1.905
Jogkauns,https://tanarang.com/wordpress/raag-jogkauns/,3rd Prahar of the Night (12AM to 3AM),S G m d N S'; - S' N d P m ; P d n d P m ; G m (S)g S ;,,True,False,False,True,True,True,False,True,True,False,True,True,MASTER_COMBINED_RAW.csv,"Rishabh Varjya. Both Nishads, Both Gandhars, Dhaivat Komal. Rest all Shuddha Swaras.",Shadhav - Shadhav Vakra,Bhairavi,Madhyam - Shadj,S; m; - m; S;,G m ; G m P m ; G m d N S' ; S' N d ; P d n d m P m ; G m (S)g S ;,8,0.0241,4.8833,2.569
Kafi,https://tanarang.com/wordpress/raag-kafi/,2nd Prahar of the Night (9PM to 12AM),S R g m P D n S'; - S' n D P m g R S;,,True,False,True,True,False,True,False,True,False,True,True,False,MASTER_COMBINED_RAW.csv,Gandhar and Nishad Komal. Rest all Shuddha Swaras.,Sampurna - Sampurna,Kafi,Pancham - Shadj,S P - S' P R;,g R ; m P ; m P D P ; D n S' ; n D P;,7,0.0794,4.8946,1.9876
Kalawati,https://tanarang.com/wordpress/raag-kalawati/,2nd Prahar of the Night (9PM to 12AM),"S G P D n S'; - S' n D P G P G S ; ,n ,D S ;",,True,False,False,False,True,False,False,True,False,True,True,False,MASTER_COMBINED_RAW.csv,Rishabh and Madhyam Varjya. Nishad Komal. Rest all Shuddha Swar.,Audhav - Audhav,Khamaj,Pancham - Shadj,G D - D G;,S G P D ; P D n D ; D P ; G P D S n ; D n S ; n P ; D G ; P G S ; n D S ;,5,0.0802,4.1135,1.2025
Kamod,https://tanarang.com/wordpress/raag-kamod/,1st Prahar of the Night (6PM to 9PM),S R P ; G m R S ; m R P ; D N S'; - S' N D P ; M P D P ; G m P ; G m R S;,,True,False,True,False,True,True,True,True,False,True,False,True,MASTER_COMBINED_RAW.csv,Both Madhyams. Rest all Shuddha Swaras.,Sampurna - Sampurna Vakra,Kalyan,Pancham - Rishabh,S; R; P; - S'; P; R;,S (m)R R P ; G m P G m R S ; S' R' S' ; D D P ; m R P ; D M P ; G m R S;,8,0.9901,6.9058,0.0443
Kaushik Dhwani (Bhinn Shadj),https://tanarang.com/wordpress/raag-kaushik-dhwani-raag-bhinn-shadj/,2nd Prahar of the Night (9PM to 12AM),S G m D N S'; - S' N D m G S;,,True,False,False,False,True,True,False,False,False,True,False,True,MASTER_COMBINED_RAW.csv,Rishabh and Pancham Varjya. Rest all Shuddha Swaras.,Audhav - Audhav,Bilawal,Madhyam - Shadj,S; G; m; D; N;,G m D N D S' ; N S' D ; G m ; D m G S ;,5,0.0244,4.8832,0.5625
Kausi Kanada,https://tanarang.com/wordpress/raag-kausi-kanada/,3rd Prahar of the Night (12AM to 3AM),",n S g m d n S'; - S' n d P m g R g m R S;",,True,False,True,True,False,True,False,True,True,False,True,False,MASTER_COMBINED_RAW.csv,"Gandhar, Dhaivat and Nishad Komal. Rishabh and Pancham Varjya in Aaroh. Rest all Shuddha Swaras.",Shadhav - Sampurna Vakra,Asawari,Madhyam - Shadj,S; m; - S'; m;,"g m d P ; m g R ; g m S ; g m P m g R ; g S ,d ,n R S;",7,0.0246,4.2059,2.5753
Kedar,https://tanarang.com/wordpress/raag-kedar/,1st Prahar of the Night (6PM to 9PM),S M P D N S'; - S' N D P ; M P D P ; m m R S;,,True,False,True,False,False,True,True,True,False,True,False,True,MASTER_COMBINED_RAW.csv,Rishabh and Gandhar Varjya in Aaroh. Both Madhyams. Rest all Shuddha Swaras.,Audhav - Sampurna Vakra,Kalyan,Madhyam - Shadj,S; m; P; - S'; P; m;,S m ; m P; M P D P m ; S R S ; M P D P M ; P S'; S' R' S' S' D D P;,7,0.6703,5.5113,0.6074
Khamaj,https://tanarang.com/wordpress/raag-khamaj/,2nd Prahar of the Night (9PM to 12AM),"S G m P D N S'; - S' n D P m G R G S ,N S G m P;",,True,False,True,False,True,True,False,True,False,True,True,True,MASTER_COMBINED_RAW.csv,"Rishabh Varjya in Aaroh, Both Nishads. Rest all Shuddha Swaras.",Shadhav - Sampurna,Khamaj,Gandhar - Nishad,S m P - S' P G;,G m P D; G m G; P S' N S'; n D p; m P m G; R S;,8,0.0496,6.7937,1.0093
Khambavati,https://tanarang.com/wordpress/raag-khambavati/,2nd Prahar of the Night (9PM to 12AM),"S R m P D S'; - S' n D P D ; m P ; G m S ; R ,n ,D S;",,True,False,True,False,True,True,False,True,False,True,True,False,MASTER_COMBINED_RAW.csv,"Nishad Varjya in Aaroh, Nishad Komal in Avroh. Rest All Shuddha Swaras.",Shadhav - Sampurna Vakra,Khamaj,Gandhar - Dhaivat,S; P; - D; P; G; S;,"S R m G m S ; R m P D ; n n D P D P ; m P D S' ; P D S' R' G' S'; R' n D S' ; D m P ; G m S ; R ,n ,D S;",7,0.02,6.0,0.9898
Kirwani,https://tanarang.com/wordpress/raag-keervani/,2nd Prahar of the Night (9PM to 12AM),S R g m P d N S'; - S' N d P m g R S;,,True,False,True,True,False,True,False,True,True,False,False,True,MASTER_COMBINED_RAW.csv,Gandhar and Dhaivat Komal. Rest all Shuddha Swaras.,Sampurna - Sampurna,Not Defined,Pancham - Shadj,S R P - S' P R;,"P d S' ; S' N S' R' g' R' S' N d P ; d P m P ; P m g R ; g m ; g R S ,N ,d ,N R S ;",7,0.081,4.8998,1.979
Komal Rishabh Asawari,https://tanarang.com/wordpress/raag-komal-rishabh-asawari/,2nd Prahar of the Day (9AM to 12PM),"S r m P d S'; - S' r' n d m P d m g r g r ,n ,d r S;",,True,True,False,True,False,True,False,True,True,False,True,False,MASTER_COMBINED_RAW.csv,"Gandhar, Nishad Varjya in Aaroh. Pancham Varjya in Avroh. Rishabh, Gandhar, Dhaivat, Nishad Komal. Rest all Shuddha Swaras.",Audhav - Shadhav Vakra,Bhairavi,Dhaivat - Rishabh,S; m; P; d; - d; m; r;,m P d S' ; r' n d m g r ; g r S;,7,0.0097,3.02,3.9
Lalit,https://tanarang.com/wordpress/raag-lalit/,4th Prahar of the Night (3AM to 6AM),",N r G M d N S'; - S' N d; M d M m; G M G r S;",,True,True,False,False,True,True,True,False,True,False,False,True,MASTER_COMBINED_RAW.csv,Pancham Varjya. Rishabh and Dhaivat Komal. Both Madhyam. Rest all Shuddha Swaras.,Shadhav - Shadhav Vakra,Poorvi,Shuddha Madhyam - Shadj,S; G; m; - S'; m; G;,",N r G m M m G r S ; G M d N d M m; r' N d M m; G m M m; G; M G r S;",7,1.0,4.0198,1.9901
Lanka Dahan Sarang,https://tanarang.com/wordpress/raag-lanka-dahan-sarang/,2nd Prahar of the Day (9AM to 12PM),"S R m P N S'; - S' n D P ; m P D P ; g R g R S ,N S;",,True,False,True,True,False,True,False,True,False,True,True,True,MASTER_COMBINED_RAW.csv,Gandhar and Dhaivat Varjya in Aaroh. Gandhar Komal in Avroh. Both Nishads. Rest all Shuddha Swars.,Audhav - Sampurna Vakra,Kafi,Shadj - Madhyam,R; P; S' - S'; P; R;,"m P S' ; n P ; m P ; R g R S ; ,n ,P ,m ,P ,N S;",8,0.0,6.0,2.0
Madhukauns,https://tanarang.com/wordpress/raag-madhukauns/,2nd Prahar of the Night (9PM to 12AM),S g M P n S' - S' n P M g S,,True,False,False,True,False,False,True,True,False,False,True,False,MASTER_COMBINED_RAW.csv,Rishabh and Dhaivat Varjya. Gandhar and Nishad Komal. Madhyam Teevra.,Audhav - Audhav,Kafi,Pancham - Shadj,M P S' - P M S;,S g M ; P M g M P ; M P n S' ; S' n P M ; g M g S;,5,0.8568,2.5537,1.9843
Madhumad Sarang,https://tanarang.com/wordpress/raag-madhumad-sarang/,3rd Prahar of the Day (12PM to 3PM),",n S; R m P n S'; - S' n P m R S ;",,True,False,True,False,False,True,False,True,False,False,True,False,MASTER_COMBINED_RAW.csv,"Gandhar and Dhaivat Varjya, Nishad Komal. Rest all Shuddha Swaras.",Audhav - Audhav,Kafi,Rishabh - Pancham,S; P; - S'; P;,",n S R ; m R ; P m R ; n P m R ; P m R S ;",5,0.0209,4.0985,1.0381
Madhuvanti,https://tanarang.com/wordpress/raag-madhuvanti/,4th Prahar of the Day (3PM to 6PM),",N S g M P N S'; - S' N D P M g M g R S ,N S;",,True,False,True,True,False,False,True,True,False,True,False,True,MASTER_COMBINED_RAW.csv,"Rishabh and Dhaivat Varjya in Aaroh. Gandhar Komal, Madhyam Teevra. Rest all Shuddha Swaras.",Audhav - Sampurna,Todi,Pancham - Shadj,S; g; P; N; - S'; N; P; R;,",N S M g M P; M g S R S;",7,0.8553,4.8992,1.2041
Malgunji,https://tanarang.com/wordpress/raag-malgunji/,3rd Prahar of the Night (12AM to 3AM),S R G m D n S'; - S' n D P m G R G m g R S ;,,True,False,True,True,True,True,False,True,False,True,True,False,MASTER_COMBINED_RAW.csv,"Pancham Varjya in Aaroh. Both Nishads, Both Gandhars. Rest all Shuddha Swaras.",Shadhav - Sampurna Vakra,Kafi,Madhyam - Shadj,S; m; - m; S;,"G m g R S ; ,n S ; ,D ,n S R G m ;",8,0.0216,5.5375,1.91
Malhar,https://tanarang.com/wordpress/raag-malhar-raag-miya-malhar/,2nd Prahar of the Night (9PM to 12AM) or Anytime in Rainy Season.,",N S; m R P ; g m R S; m R P n D N S'; - S' n D n P; m P g g m R S;",,True,False,True,True,False,True,False,True,False,True,True,True,MASTER_COMBINED_RAW.csv,"Dhaivat Varjya in Avroh. Gandhar Komal, Both Nishads. Rest all Shuddha Swaras.",Sampurna - Shadhav Vakra,Kafi,Pancham - Shadj,S R P N - S' P R;,"S R; R P; g g m R S; ,n D ,N ,N S;",8,0.074,5.6774,1.9809
Malkauns,https://tanarang.com/wordpress/raag-malkauns/,3rd Prahar of the Night (12AM to 3AM),S g m d n S'; - S' n d m g S;,,True,False,False,True,False,True,False,False,True,False,True,False,MASTER_COMBINED_RAW.csv,"Rishabh and Pancham Varjya. Gandhar, Dhaivat and Nishad Komal. Rest all Shuddha Swaras.",Audhav - Audhav,Bhairavi,Madhyam - Shadj,S g m - m g S;,",d ,n S g m; g m n d m; d n S'; g’ S’ n d;",5,0.0217,2.8585,2.5762
Mand,https://tanarang.com/wordpress/raag-mand/,2nd Prahar of the Night (9PM to 12AM),S R G m P D N P D S'; - S' N D P m G R G S;,,True,False,True,False,True,True,False,True,False,True,False,True,MASTER_COMBINED_RAW.csv,All Shuddha Swaras.,Sampurna - Sampurna Vakra,Bilawal,Shadj - Pancham,S m P - S' D m G;,G m P D S' N D; D P m; m P G R G S;,7,0.0316,6.823,0.1267
Maru Bihag,https://tanarang.com/wordpress/raag-maru-bihag/,2nd Prahar of the Night (9PM to 12AM),S G M P N S'; - S' N D P M G M G R S;,,True,False,True,False,True,False,True,True,False,True,False,True,MASTER_COMBINED_RAW.csv,Rishabh and Dhaivat Varjya in Aaroh. Madhyam Teevra (with rare use of Madhyam Shuddha). Rest all Shuddha Swaras.,Audhav - Sampurna,Kalyan,Pancham - Shadj,G P N - S' D P G R;,"M G ; M G R S ; S ,N S ; m G P ; M G M G R S ;",7,0.8546,5.675,0.426
Marwa,https://tanarang.com/wordpress/raag-marwa/,4th Prahar of the Day (3PM to 6PM),"S ,D ,N r G M D N S'; - S' N D M G r S ; ,N ,D S ,N r S ;",,True,True,False,False,True,False,True,False,False,True,False,True,MASTER_COMBINED_RAW.csv,"Pancham Varjya. Rishabh Komal, Madhyam Teevra. Rest all Shuddha Swaras.",Shadhav - Shadhav,Marwa,Rishabh - Dhaivat,r; D; - D; r;,"S ; ,N ,D S ,N r ; r G M D ; D M G r ; ,N ,D r S ;",6,1.0,4.0,1.0
Megh Malhar,https://tanarang.com/wordpress/raag-megh-malhar-or-raag-megh/,Anytime in Rainy Season,"S (m)R m P ,n S'; - S' n P m R S; R ,n S;",,True,False,True,False,False,True,False,True,False,False,True,False,MASTER_COMBINED_RAW.csv,Gandhar and Dhaivat Varjya. Nishad Komal. Rest all Shuddha Swaras.,Audhav - Audhav,Kafi,Madhyam - Shadj,S; m; P; - P; m; R;,",n S R P m R ; m P m R ; m P ; P m n P m R ; R R P m R R S ,n S;",5,0.022,4.2071,1.232
Mohankauns,https://tanarang.com/wordpress/raag-mohankauns-different-flavour/,2nd Prahar of the Night (9PM to 12AM),S G m d n S' - S' n d m g S,,True,False,False,True,True,True,False,False,True,False,True,False,MASTER_COMBINED_RAW.csv,Rishabh and Pancham Varjya. Both Gandhars. Dhaivat and Nishad Komal. Rest all Shuddha Swaras.,Audhav - Audhav,Bhairavi,Madhyam - Shadj,S; G; m; d; n; - n; d; m; S;,"S G m g S ; ,n ,d ; ,n S ; S m G ; m d n d m G ; m G g S;",6,0.0222,3.5391,2.5743
Multani,https://tanarang.com/wordpress/raag-multani/,3rd Prahar of the Day (12PM to 3PM),",N S g M P N S'; - S' N d P M g r S;",,True,True,False,True,False,False,True,True,True,False,False,True,MASTER_COMBINED_RAW.csv,"Rishabh and Dhaivat Varjya in Aaroh. Rishabh, Gandhar and Dhaivat Komal. Madhyam Teevra. Rest all Shuddha Swaras.",Audhav - Sampurna,Todi,Pancham - Shadj,S; g; P; N; - N; P; g; S;,",N S ; M g ; M g P ; M g M g r S ;",7,0.8482,3.3467,2.7552
Nand,https://tanarang.com/wordpress/raag-nand/,2nd Prahar of the Night (9PM to 12AM),S G m D P R S ; G m P N S'; - S D N P ; D M P G ; G m D P R S ;,,True,False,True,False,True,True,True,True,False,True,False,True,MASTER_COMBINED_RAW.csv,"Rishabh Varjya in Aaroh, Both Madhyams. Rest all Shuddha Swaras.",Shadhav - Sampurna Vakra,Kalyan,Shadj - Pancham,S; G; m; P; - P; m; G; S;,S G m D P R S ; G m P D N ; (D)P ; P D (P) m m P ; G m D P R S ;,8,0.9119,6.8213,0.128
Narayani,https://tanarang.com/wordpress/raag-narayani/,2nd Prahar of the Night (9PM to 12AM),S R m P D S'; - S' n D P m R S;,,True,False,True,False,False,True,False,True,False,True,True,False,MASTER_COMBINED_RAW.csv,"Gandhar and Nishad Varjya in Aaroh, Gandhar Varjya in Avroh. Nishad Komal in Avroh. Rest all Shuddha Swaras.",Audhav - Shadhav,Khamaj,Shadj - Pancham,S; P; - P; S;,"S R ,n ,D ,P ; ,m ,P ,D S ; m R ; m R S ; S R P ; m P n D D P ; D P m R S ;",6,0.031,5.0595,1.0093
Nayaki Kanada,https://tanarang.com/wordpress/raag-nayaki-kanada/,2nd Prahar of the Night (9PM to 12AM),S R (m)g m P n P S'; - S' n P n P m P (m)g g m R S;,,True,False,True,True,False,True,False,True,False,False,True,False,MASTER_COMBINED_RAW.csv,"Dhaivat Varjya. Gandhar, Nishad Komal. Rest All Shuddha Swaras.",Shadhav - Shadhav Vakra,Kafi,Madhyam - Shadj,R; P; - P; m; R;,"R ,n S R P (m)g ; g m P m R S R S ; g m n P ; n m P (m)g m P m R S R R S; m P n P S'; P n P; g m R S;",6,0.0224,4.2145,1.9001
Nut Bhairav,https://tanarang.com/wordpress/raag-nut-bhairav/,1st Prahar of the Day (6AM to 9AM),S R G m P d N S'; - S' N d P m G R S;,,True,False,True,False,True,True,False,True,True,False,False,True,MASTER_COMBINED_RAW.csv,Dhaivat Komal. Rest all Shuddha Swaras.,Sampurna - Sampurna,Bhairav,Madhyam - Shadj,R; m; d; - d; m; R;,"R G m d P ; m G R ; G m R S ,N ,d S ;",7,0.0226,5.5417,1.2391
Parameshwari,https://tanarang.com/wordpress/raag-parmeshwari/,2nd Prahar of the Day (9AM to 12PM),S r g m D n S'; - S' n D m g r S;,,True,True,False,True,False,True,False,False,False,True,True,False,MASTER_COMBINED_RAW.csv,"Pancham Varjya. Rishabh, Gandhar and Nishad Komal. Rest all Shuddha Swaras.",Shadhav - Shadhav,Not Defined,Madhyam - Shadj,r; m; D; - D; m; r;,"S r g m D m ; g m D m g r ; g r ,n ,d ; ,d ,n r S ;",6,0.023,3.5548,2.5627
Patdeep,https://tanarang.com/wordpress/raag-patdeep/,3rd Prahar of the Day (12PM to 3PM),",N S g m P N S'; - S' N D P m g R S ,N S;",,True,False,True,True,False,True,False,True,False,True,False,True,MASTER_COMBINED_RAW.csv,Rishabh and Dhaivat Varjya in Aaroh. Gandhar Komal. Rest All Shuddha Swaras.,Audhav - Sampurna,Kafi,Pancham - Shadj,g; P; N; – D; P; R;,"g m P N S' D P ; mg mP N N N S' ; D P m g m P ; P g m ; g R S ,N ,N S;",7,0.0717,5.6752,1.2078
Pilu,https://tanarang.com/wordpress/raag-pilu/,3rd Prahar of the Day (12PM to 3PM),"S G m P N S'; - S' n D P m g R S ; ,N S g R S ;",,True,False,True,True,True,True,False,True,False,True,True,True,MASTER_COMBINED_RAW.csv,"Rishabh and Dhaivat Varjya in Aaroh. Both Gandhars, Both Dhaivats, Both Nishads. Rest all Shuddha Swaras.",Audhav - Sampurna,Kafi,Gandhar - Nishad,S; G; P; N; - n; P; g;,"G m P N S' ; n D P ; m P N d P ; m g R S ; P g R S ,N ; S g R S ;",9,0.0501,6.7916,1.8893
Puriya,https://tanarang.com/wordpress/raag-puriya/,2nd Prahar of the Night (9PM to 12AM),",N r G M D N S'; - S' N D M ; G M D ; G M G r S;",,True,True,False,False,True,False,True,False,False,True,False,True,MASTER_COMBINED_RAW.csv,"Pancham Varjya. Rishabh Komal, Madhyam Teevra. Rest all Shuddha Swaras.",Shadhav - Shadhav,Marwa,Gandhar - Nishad,G; N; - N; G;,"N R G ; G M D G M G ; N M G ; G M G r S ; ,N ,M ,D S ; ,N r G r S ;",6,0.9306,4.1495,1.0082
Puriya Dhanashree,https://tanarang.com/wordpress/raag-puriya-dhanashree/,4th Prahar of the Day (3PM to 6PM),",N r S ; ,N r G M P ; M d N S' - S' N d P M G M r G r S",,True,True,False,False,True,False,True,True,True,False,False,True,MASTER_COMBINED_RAW.csv,Rishabh and Dhaivat Komal. Madhyam Teevra. Rest all Shuddha Swaras.,Sampurna - Sampurna Vakra,Poorvi,Pancham - Shadj,S; G; P; N; - S'; P; G; r;,",N r G M P ; P M G M r G ; M d P ; M d N S'; N r' ; N d P ; P d P P M G M r G ; r S;",7,0.8524,4.112,1.9899
Puriya Kalyan,https://tanarang.com/wordpress/raag-puriya-kalyan/,4th Prahar of the Day (3PM to 6PM),S r G M P D N S' - S' N D P M G r G r S,,True,True,False,False,True,False,True,True,False,True,False,True,MASTER_COMBINED_RAW.csv,"Rishabh Komal, Madhyam Teevra. Rest all Shuddha Swaras.",Sampurna - Sampurna Vakra,Marwa,Shadj - Pancham,G; M; P; N; - S'; N; P; G; r;,",N r G M P M r G r S; M D P; M D N S';",7,0.9113,5.0601,1.0094
Poorvi,https://tanarang.com/wordpress/raag-poorvi/,4th Prahar of the Day (3PM to 6PM),S r G M P d N S' - S' N d P ; M G m G r S,,True,True,False,False,True,True,True,True,True,False,False,True,MASTER_COMBINED_RAW.csv,Rishabh and Dhaivat Komal. Both Madhyams. Rest all Shuddha Swaras.,Sampurna - Sampurna Vakra,Poorvi,Gandhar - Nishad,S; G; P; N; - S'; P; G;,S r G ; M G m G ; M d P ; N d P ; G M P ; M G m G r S ;,8,0.9299,5.031,1.8883
Rageshree,https://tanarang.com/wordpress/raag-rageshree/,2nd Prahar of the Night (9PM to 12AM),S G m D n S' - S' n D m G m R S,,True,False,True,False,True,True,False,False,False,True,True,False,MASTER_COMBINED_RAW.csv,Rishabh and Pancham Varjya in Aaroh. Pancham Varjya in Avroh. Nishad Komal. Rest all Shuddha Swaras.,Audhav - Shadhav,Khamaj,Gandhar - Nishad,G; m; D;,",n ,D ,n S ; G m R S ; G m D n D m ; G m R S;",6,0.0492,5.0313,1.0072
Ramdasi Malhar,https://tanarang.com/wordpress/raag-ramdasi-malhar/,Anytime in Rainy season.,",N S R G m ; P G m , R P ; m P D N S' - S' n D n P ; D P m G m ; P g g m R S",,True,False,True,True,True,True,False,True,False,True,True,True,MASTER_COMBINED_RAW.csv,"Both Gandhars, Both Nishads. Rest all Shuddha Swaras.",Sampurna - Sampurna Vakra,Kafi,Madhyam - Shadj,S; m; P;,S R G m ; m R P ; P G m ; P g g m R S ;,9,0.0231,6.2276,1.8971
Ramkali,https://tanarang.com/wordpress/raag-ramkali/,1st Prahar of the Day (6AM to 9AM),S r G m P d N S' - S' N d P ; M P d n d P ; M P G m r S,,True,True,False,False,True,True,True,True,True,False,True,True,MASTER_COMBINED_RAW.csv,"Rishabh and Dhaivat Komal. Both Madhyams, Both Nishads. Rest all Shuddha Swaras.",Sampurna - Sampurna Vakra,Bhairav,Pancham - Shadj,S; P; - S'; P; r;,M P d n d P ; M P G m r S ;,9,0.8463,4.8925,2.7647
Saalag Varali,https://tanarang.com/wordpress/raag-saalag-varali/,2nd Prahar of the Day (9AM to 12PM),S r g P D n S' - S' n D P g r S,,True,True,False,True,False,False,False,True,False,True,True,False,MASTER_COMBINED_RAW.csv,"Madhyam Varjya. Rishabh, Gandhar and Nishad Komal. Rest all Shuddha Swaras.",Shadhav - Shadhav,Todi,Pancham - Shadj,S; g; P;,g P D n D P ; D n D S' ; S' n D P ; D n D P ; r g r S ;,6,0.0697,3.3375,2.7585
Sarang (Brindavani Sarang),https://tanarang.com/wordpress/raag-sarang-raag-brindavani-sarang/,2nd Prahar of the Day (9AM to 12PM) or Afternoon,"S R m P N S' - S' n P m R S ,N S",,True,False,True,False,False,True,False,True,False,False,True,True,MASTER_COMBINED_RAW.csv,Gandhar and Dhaivat Varjya. Both Nishads. Rest all Shuddha Swaras.,Audhav - Audhav,Kafi,Rishabh - Pancham,S; R; P; N; - S'; P; R;,"R m ; P R ; m R ,N S ; m P n P m R ,N S ;",6,0.0215,5.0321,1.0482
Saraswati,https://tanarang.com/wordpress/raag-saraswati/,2nd Prahar of the Night (9PM to 12AM),"S R M P D S' - S' n D P M P M R S ,n ,D S",,True,False,True,False,False,False,True,True,False,True,True,False,MASTER_COMBINED_RAW.csv,"Gandhar and Nishad Varjya in Aaroh. Gandhar Varjya in Avroh. Madhyam Teevra, Nishad Komal. Rest all Shuddha Swaras.",Audhav - Shadhav,Kalyan,Pancham - Rishabh,R; P; S'; - D; P; R;,R M P D n D ; P M D P ; M R M P ; D S' n D;,6,0.9999,4.0493,0.9804
Saraswati Kedar,https://tanarang.com/wordpress/raag-saraswati-kedar/,2nd Prahar of the Night (9PM to 12AM),S R M P D S' - S' n D P ; M P D P ; M m R S,,True,False,True,False,False,True,True,True,False,True,True,False,MASTER_COMBINED_RAW.csv,"Gandhar and Dhaivat Varjya in Aaroh. Both Madhyams, both Nishads.  Rest all Shuddha Swaras.",Audhav - Shadhav Vakra,Kalyan,Madhyam - Shadj,S M P D - S' P m R;,"R M P D P ; M P m R S ; M P D n D P D S'; S' n D P M m R ; S ,n ,D S;",7,0.6933,4.8799,1.2261
Shahana Kanada,https://tanarang.com/wordpress/raag-shahana-kanada/,3rd Prahar of the Night (12AM to 3AM),",n S ; R g m P ; m g m ; D n P ; m P D n S' - S' D n P ; m P g m R S",,True,False,True,True,False,True,False,True,False,True,True,False,MASTER_COMBINED_RAW.csv,Gandhar and Nishad Komal. Rest all Shuddha Swaras.,Sampurna - Sampurna Vakra,Kafi,Pancham - Shadj,S; P; D; - S'; D; P; R;,P m g m D ; D n P ; S' D n P ; D m P g m R S;,7,0.0701,4.8954,1.985
Shankara,https://tanarang.com/wordpress/raag-shankara/,2nd Prahar of the Night (9PM to 12AM),S G P N D S' - S' N P G ; P D P G ; P RG RS,,True,False,True,False,True,False,False,True,False,True,False,True,MASTER_COMBINED_RAW.csv,Rishabh and Madhyam Varjya in Aaroh.  Madhyam Varjya in Avroh. All Shuddha Swaras.,Audhav - Shadhav Vakra,Bilawal,Gandhar - Nishad,S; G; P; N; - N; P; G; S;,G P N D S' N ; D P G P ; RG RS ;,6,0.0539,5.8984,0.1411
Shivranjani,https://tanarang.com/wordpress/raag-shivranjani/,2nd Prahar of the Night (9PM to 12AM) or Midnight,"S R g P D S' - S' D P g R S; R ,D S",,True,False,True,True,False,False,False,True,False,True,False,False,MASTER_COMBINED_RAW.csv,Madhyam and Nishad Varjya. Gandhar Komal. Rest all Shuddha Swaras.,Audhav - Audhav,Kafi,Pancham - Shadj,P; S'; - S'; P;,R g P ; D P g R ; g S R D S ;,5,0.0708,4.1143,1.2048
Shobhawari,https://tanarang.com/wordpress/raag-shobhawari/,2nd Prahar of the Day (9AM to 12PM),"S R m P d S' - S' d P m R S ; ,d S",,True,False,True,False,False,True,False,True,True,False,False,False,MASTER_COMBINED_RAW.csv,Gandhar and Nishad Varjya. Dhaivat Komal. Rest all Shuddha Swaras.,Audhav - Audhav,Asawari,Dhaivat - Rishabh,S; m; P; - S'; P; m;,R m P ; d P m R m ; P d P m R S ;,5,0.0136,3.9811,1.0984
Shree,https://tanarang.com/wordpress/raag-shree/,4th Prahar of the Day (3PM to 6PM),S r M P N S' - S' r' N d P M P d M G r S,,True,True,False,False,True,False,True,True,True,False,False,True,MASTER_COMBINED_RAW.csv,"Gandhar, Dhaivat Varjya in Aaroh. Rishabh, Dhaivat Komal, Madhyam Teevra. Rest all Shuddha Swaras.",Audhav - Sampurna Vakra,Poorvi,Rishabh - Pancham,S; r; P; - P; r; S;,"S ,N r ; r r P ; M Pd M G r G r S ; M P N S' r' ; r' N d P ; M d M G r ; G r S ;",7,0.9367,4.1042,1.9589
Shuddha Kalyan,https://tanarang.com/wordpress/raag-shuddha-kalyan-2/,1st Prahar of the Night (6PM to 9PM),S R G P D S' - S' N D P M G R S ; G R G P R S,,True,False,True,False,True,False,True,True,False,True,False,True,MASTER_COMBINED_RAW.csv,Madhyam and Nishad Varjya in Aaroh. Madhyam Teevra in Avroh. Rest all Shuddha Swaras.,Audhav - Sampurna Vakra,Kalyan,Gandhar - Dhaivat,S; G; P; - P; G; S;,"G R G ; R S ; ,N ,D ,P ; G R S ; G R G ; P R S ;",7,0.9754,6.0041,0.0347
Shuddha Sarang,https://tanarang.com/wordpress/raag-shuddha-sarang/,2nd Prahar of the Day (9AM to 12PM),",N S R M P N S' - S' N D P M P M m R S ,N S",,True,False,True,False,False,True,True,True,False,True,False,True,MASTER_COMBINED_RAW.csv,Gandhar Varjya. Both Madhyams. Rest all Shuddha Swaras.,Shadhav - Shadhav,Kalyan,Rishabh - Pancham,",N; R; P; N; - S'; N; P; R;",",N S R M M P ; M P M m R ; R ,N ,N S ; ,N ,D S ,N R S ;",7,0.9407,5.9408,0.1186
Shyam Kalyan,https://tanarang.com/wordpress/raag-shyam-kalyan/,1st Prahar of the Night (6PM to 9PM),",N S R M P N S'; - S' N D P M P D P G m P G m R S ,N S;",,True,False,True,False,True,True,True,True,False,True,False,True,MASTER_COMBINED_RAW.csv,Dhaivat Varjya in Aaroh. Both Madhyams. Rest all Shuddha Swaras.,Shadhav - Sampurna Vakra,Kalyan,Pancham - Shadj,S; R; P; N; - S'; N; P; R;,"S R ,N S (m)R ; R M M P ; P G m R ; M P ; G m P ; G m R ; ,N S R S;",8,0.8515,6.4555,0.4269
Sindhura,https://tanarang.com/wordpress/raag-sindhura/,4th Prahar of the Day (3PM to 6PM),S R m P D S'; - S' n D P m g R m g R S;,,True,False,True,True,False,True,False,True,False,True,True,False,MASTER_COMBINED_RAW.csv,Gandhar and Nishad Varjya in Aaroh. Gandhar and Nishad Komal in Avroh. Rest all Shuddha Swaras.,Audhav - Sampurna,Kafi,Shadj - Pancham,S; P; D; - S'; D; P; g;,R m P D ; n D P S' ; R' g' R' S' ; n D P m g R ; m g R S;,7,0.0304,5.0607,1.8895
Sohani,https://tanarang.com/wordpress/raag-sohani/,4th Prahar of the Night (3AM to 6AM),S G M D N S'; - S' N D N D M G r S ;,,True,True,False,False,True,False,True,False,False,True,False,True,MASTER_COMBINED_RAW.csv,"Rishabh and Pancham Varjya in Aaroh. Pancham Varjya in Avroh. Rishabh Komal, Madhyam Teevra. Rest all Shuddha Swaras.",Audhav - Shadhav Vakra,Marwa,Dhaivat - Gandhar,G; D; - D; G;,M D N S' r' S' ; N D N D ; S' r' S' r' N S' N D G M G ;,6,0.9367,4.0387,1.0912
Suha Sughrai,https://tanarang.com/wordpress/raag-suha-sughrai/,2nd Prahar of the Day (9AM to 12PM),",n S ; (m)g (m)g m ; P n P ; P n m P S'; (Suha) or ,n S R m P ; P n P n S' ; (Sughrai) - S' P n P m P (m)g m R S ; (Suha) or S' n P m R S R (m)g m R S ; (Sughrai)",,True,True,True,True,False,True,False,True,False,False,True,False,MASTER_COMBINED_RAW.csv,"Dhaivat Varjya. Gandhar, Nishad Komal. Rest all Shuddha Swaras.",Shadhav - Shadhav,Kafi,Pancham - Shadj,S; g ; m ; P ;,P n m P S' ; n n P m R S R (m)g ; g m R S ;,7,0.07,4.11,2.7712
Sundarkali,https://tanarang.com/wordpress/raag-sundarkali/,2nd Prahar of the Day (9AM to 12PM),S r G P n S'; - S' n P G ; P G r S ;,,True,True,False,False,True,False,False,True,False,False,True,False,MASTER_COMBINED_RAW.csv,Madhyam and Dhaivat Varjya. Rishabh and Nishad Komal. Rest all Shuddha Swaras.,Audhav - Audhav,Not Defined,-,S; G; n; - n; P; G ;,"S r G P n P ; G P n ; P G r S ; r S ,n S r S;",5,0.0,3.0,2.0
Sundarkauns,https://tanarang.com/wordpress/raag-sundarkauns/,2nd Prahar of the Night (9PM to 12AM),"S g m D n S'; - S' n D m g m g S ,n S;",,True,False,False,True,False,True,False,False,False,True,True,False,MASTER_COMBINED_RAW.csv,Rishabh and Pancham Varjya. Gandhar and Nishad Komal. Rest all Shuddha Swaras.,Audhav - Audhav,Kafi,Madhyam - Shadj,S; m; D; - S'; D; m;,",n ,n ,D ; ,D ,n S ; g m g S ; g m D ; n D ; m D n S'; S' D n D m g S;",5,0.0202,3.5387,1.8983
Surdasi Malhar,https://tanarang.com/wordpress/raag-surdasi-malhar/,Anytime in Rainy Season,"S R m P N S'; - S' n D P ; m D P ; n D P m R ; ,N S;",,True,False,True,False,False,True,False,True,False,True,True,True,MASTER_COMBINED_RAW.csv,Gandhar and Dhaivat Varjya in Aaroh. Gandhar Varjya in Avroh. Both Nishads. Rest all Shuddha Swaras.,Audhav - Shadhav Vakra,Kafi,Madhyam - Shadj,S; R; m; P; - S'; P; m; R;,"m R ,N S ; S' ; n D m P n D P ; m R P m D P ; m R ,N S ;",7,0.0206,5.5485,1.2318
Tilak Kamod,https://tanarang.com/wordpress/raag-tilak-kamod/,2nd Prahar of the Night (9PM to 12AM),",P ,N S R G S ; S R m P N S’ - S’ P D m G S R G S ,N ,P ,N S R G S",,True,False,True,False,True,True,False,True,False,True,False,True,MASTER_COMBINED_RAW.csv,Gandhar and Dhaivat Varjya in Aaroh. Rare use of Komal Nishad in Avroh. Rest all Shuddha Swaras.,Audhav - Sampurna Vakra,Khamaj,Shadj - Pancham,",N P S' - S' G S;",",P ,N S R G S ; R P m G ; S R G S ,N ; S R m P S’ ; S’ R’ G’ S’ ; S’ P D m G ; S R m G ; S R G S ,N ;",7,0.0307,6.8213,0.1284
Tilang,https://tanarang.com/wordpress/raag-tilang/,2nd Prahar of the Night (9PM to 12AM),S G m P N S'; - S' n P m G S;,,True,False,False,False,True,True,False,True,False,False,True,True,MASTER_COMBINED_RAW.csv,Rishabh and Dhaivat Varjya. Both Nishads. Rest all Shuddha Swaras.,Audhav - Audhav,Khamaj,Gandhar - Nishad,S; G; P; N; - S; P; G; S;,G m P n P m G ; n P G m G ;,6,0.0502,5.0306,1.0087
Tilang Bahar,https://tanarang.com/wordpress/raag-tilang-bahar/,2nd Prahar of the Night (9PM to 12AM),S R S m ; G m P n P ; m D N S'; - S' n P m g m R S;,,True,False,True,True,True,True,False,True,False,True,True,True,MASTER_COMBINED_RAW.csv,"Rishabh Varjya in Aaroh. Both Gandhars, both Nishads. Rest all Shuddha Swaras.",Shadhav - Sampurna Vakra,Khamaj (when Tilang is dominant) or Kafi (when Bahar is dominant),Gandhar (Tilang) or Madhyam (Bahar) - Nishad (Tilang) or Shadj (Bahar),S m P - S' P m G;,m P m g ; m ; n P m ; P N S' ; g m P m g m R S;,9,0.0,7.0,2.0
Todi,https://tanarang.com/wordpress/raag-todi/,2nd Prahar of the Day (9AM to 12PM),S r g M P d N S' - S' N d P M g r S,,True,True,False,True,False,False,True,True,True,False,False,True,MASTER_COMBINED_RAW.csv,"Rishabh, Gandhar and Dhaivat Komal. Madhyam Teevra. Rest all Shuddha Swaras.",Sampurna - Sampurna,Todi,Dhaivat - Gandhar,S; g; d; - d; g; S;,",d ; ,N S r g ; M r g ; r S;",7,0.9403,3.1355,2.8856
Vachaspati,https://tanarang.com/wordpress/raag-vachaspati/,4th Prahar of the Day (3PM to 6PM),"S G M P n S' - S' n D P M G R S ,n S",,True,False,True,False,True,False,True,True,False,True,True,False,MASTER_COMBINED_RAW.csv,Rishabh and Dhaivat Varjya in Aaroh. Nishad Komal. Madhyam Teevra. Rest all Shuddha Swaras.,Audhav - Sampurna,Not Defined,Shadj - Pancham,G; P; n; - D; P; G; R;,",n S G M ; P D P ; M G R S ; R ,n S ; M G R S ;",7,0.9111,5.0595,1.0097
Vibhas,https://tanarang.com/wordpress/raag-vibhas/,1st Prahar of the Day (6AM to 9AM),S r G P d S' - S' d P G r S,,True,True,False,False,True,False,False,True,True,False,False,False,MASTER_COMBINED_RAW.csv,Madhyam and Nishad Varjya. Rishabh and Dhaivat Komal. Rest all Shuddha Swaras.,Audhav - Audhav,Bhairav,Dhaivat - Rishabh,r; P; d;,P d d P ; G P G r S ;,5,0.0099,3.02,2.02
Yaman,https://tanarang.com/wordpress/raag-yaman/,1st Prahar of the Night (6PM to 9PM),",N R S - N R G M P D N S' - S' N D P M G R S ,N R S",,True,False,True,False,True,False,True,True,False,True,False,True,MASTER_COMBINED_RAW.csv,Madhyam Teevra. Rest all Shuddha Swaras.,Sampurna - Sampurna,Kalyan,Gandhar - Nishad,S; G; N; - S'; N; P; G;,",N R G ; ,N R M G ; M P ; M D P N D P M R G R ; ,N R ,D ,N S;",7,0.9307,5.9109,0.1288
